,Morphology,,,,,,,,,,,,,,,,,,,,,,,,,,,,,,,,,,,Life history traits,,,,,,,,,,,,,,,,,,,,,,,,,,,,,,,,,,,,,,,,,,,,,,,,,,,,,,,,,,,,,,,,,Movement,,,,,,,,,,,,,,,,,,,,,Habitat,,,,,,,,,,,,,,,,,,,,,,,,,,,,,,,,,,,,,,,,,,,,,,,,,,,,,,,Topography,,Biogeographical region,,,,,,,,,,,Distribution,,,,,,,,,,,,,,,,,,,,,,,,,,,,,,,,,,,,,,,,,,Threats,,,,,,,,,,,,,,,,,,,,,
Traits,Sexual dimorphism,Body mass (in g),,,,Body length (in mm),,,,,,,,,Limb length,,,,,,,,,,,,Fingers and webbing,,,,,,,Coloration,,Activity,,,Survival rates,,,Sexual maturity (in years),,,Mating systems,,Eggs and young,,,,,,,,,,,,,,,,,,,,,,Parental care,,,,,,Food diet,,,,,,,,,,,,,Metabolism,Defense,,,,,Communication,,,,Territoriality,,,,,,,,,,,,,,,,,,,,,,,,,,,,,,,,,,,,,,,,,,,,,,,,,,,,,,,,,,,,,,,,,,,,,,,,,,,,,,,,,,,,,,,,,,,,,,,,,,,,,,,,,,,,,,,,,,,,,,,,,,,,,,,,,,,,,,,,,,,,,,,,,,,,,,,,,,,
,,,,,,Snout-to-vent length (in mm),,,Total length (in mm),,,Proportion head length/body length,,,Foot length (in mm),,,Hind limb length (in mm),,,Tibia length (in mm),,,Proportion fore limb/hind limb length,,,Discs,Webbing,,,Number of toes/fingers,,Tubercle,,,,,,,,,,,,,,Number of eggs/offspring,,,Egg laying mode,,,Eggs and larvae characteristics,,,,,Clutch position,,,,,,,,,,Breeding season,,,,,,,Food active or passive,Food of juveniles,,,,,,Food of adults,,,,,,,,,,,,,,,,,,,Home range,Movement event,Dispersal active or passive,Sex biased dispersal,Mode of displacement,,,,,,Dispersal,,,,,,Migration,,,,,forest,,,,,,,,,savanna,,shrubland,,,,,,,,grassland,,,,,,,wetlands,,,,,,,,,,,,,,,,rocky areas,caves and subterranean habitats (non-aquatic),,deserts,,,artificial/terrestrial,,,,,,other,,,,,,,,,,,,,,Europe occupied UTM 50x50 km cells,Asia,,,,,,,,,,,,Africa,,,,,,,,,North America,,,,,,,Sout America,,,,,,Australia,,,,Global distribution,,,IUCN status,,,,,,Population trend,,,,Major threats,,,,,,,,,,,
Species,Presence of sexual dimorphism,Body mass in males,Body mass in females,Adult body mass,Body mass in juveniles,Snout-to-vent length in males,Snout-to-vent length in females,Adult snout-to-vent length,Total length in males,Total lenght in females,Adult total length,Head length < Body length,Head length = Body length,Head length > Body length,Foot length in males,Foot length in females,Adult foot length,Hind limb length in males,Hind limb length in females,Adult hind limb length,Tibia length in males,Tibia length in females,Adult tibia length,Fore limb length < Hind limb length,Fore limb length = Hind limb length,Fore limb length > Hind limb length,Presence of discs,Presence of webbing,Webbing on toes only,Webbing on fingers and toes,Reduction on fingers only,Reduction on fingers and toes,Presence of metatarsal tubercle,Dorsoseparation,Webbing colour contrast,Diurnal,Nocturnal,Both,Survival rate in adults,Survival rate in juveniles,Survivale rate in tadpoles,Sexual maturity in males,Sexual maturity in females,Adult sexual maturity,Polyandry,Polygyny,Viviparous: number of offspring,Ovoviviparous: number of eggs,Ovoviviparous: number of offspring,Single,Cluster,Strings,Metamorphosis size,Number of eggs or offspring,Egg diameter,Egg mass,Pole visible on egg,On ground,On adult,Attach in lotic habitat,Attach in lentic habitat,Free in lentic habitat,On surface in lentic habitat,Attach on swamps in lentic habitat,Free on swamps in lentic habitat,On surface on swamps in lentic habitat,On surface on non-permanent lentic ponds,Explosive or prolonged,Presence of parental care,Transport of eggs,Transport of tadpoles,Guarding eggs,Defend eggs,Water eggs,,Carnivorous,Insectivorous,Moluscivorous,Cannibalism,Herbivorous,Detritivorous,Carnivorous,Insectivorous,Moluscivorous,Cannibalism,Herbivorous,Detritivorous,Metabolism rate,Secretion,Toxicity,Death simulation,Unken reflex,Other,Visual,Acoustic,Chemical,Seismic,Males territorial,Females territorial,Both territorial,,,,,Walker,Jumper,Runner,Climber,Swimmer,Crawler,Dispersal stage juvenile,Dispersal stage adult,Dispersal stade during breeding season,Mean dispersal distance,Maximum dispersal distance,Minimal dispersal distance,Migration stage adult,Migration stage during breeding season,Mean migration distance,Maximum migration distance,Minimal migration distance,boreal,subarctic,subantarctic,subtropical/tropical dry,temperate,subtropical/tropical moist lowland,subtropical/tropical mangrove vegetation aboral,subtropical/tropical swamp,subtropical/tropical moist montane,dry,moist,subarctic,subantarctic,boreal,temperate,subtropical/tropical dry,subtropical/tropical moist,tropical high altitude,mediterranean-type shrubby vegetation,tundra,subarctic,subantarctic,temperate,subtropical/tropical dry,subtropical/tropical seasonally wet/ flooded,subtropical/ tropical high altitude,permanent rivers/streams/creeks (including waterfalls),intermittent/irregular rivers/streams/creeks,shrub dominated wetlands,bogs/marshes/swamps/fens/peatlands,permanent freshwater lakes (>8ha),seasonal/intermittent freshwater lakes (>8ha),permanent freshwater marshes/pools (>8ha),seasonal/intermittent freshwater marshes/pools (<8ha),freshwater springs and oases,tundra wetlands,geothermal wetlands,permanent inland deltas,"permanent saline, brackish or alkaline lakes","seasonal/intermittent saline, brackish or alkaline lakes","permanent saline, brackish or alkaline marshes/pools",karst and other subterranean hydrological systems,"inland cliffs, moutain peaks",caves,other subterranean habitats,hot,temperate,cold,arable land,pastureland,plantations,rural gardens,urban areas,subtropical/tropical heavily degraded former forest,dunes,Altitude min,Altitude max,Alpine,Anatolian,Arctic,Atlantic,Black Sea,Boreal,Continental,Mediterranean,Macaronesian,Pannonian,Steppic,absolute,absolute,ponctual,< 10 %,10-20 %,20-30 %,30-40 %,40-50 %,50-60 %,60-70 %,70-80 %,80-90 %,> 90 %,absolute,ponctual,< 15 %,15-30 %,30-45 %,45-60 %,60-75 %,75-90 %,> 90 %,absolute,ponctual,< 20 %,20-40 %,40-60 %,60-80 %,> 80 %,absolute,ponctual,< 25 %,25-50 %,50-75 %,> 75 %,absolute,ponctual,< 50 %,> 50 %,Ubiquity,Subendemic,Endemic,Data Deficient,Least Concern,Near Threatened,Vulnerable,Endangered,Critically Endangered,Data Deficient,Decrease,Stable,Increase,Habitat loss,Invasive alien,Harvesting,Accidental,Persecution,Pollution,Climate change,Natural disasters,Change dynamics,Intrinsic factors,Human disturbance,Unknow
Alytes cisternasii,0,DD,DD,5.02,DD,36.75,38.38,37.56,37.75,39.83,37.56,1,0,0,13.00,12.50,12.75,45.00,43.50,45.28,13.00,13.00,13.15,1,0,0,0,1,0,1,1,0,1,1,0,0,1,0,DD,DD,DD,DD,DD,2.00,0,1,0,0,0,1,0,0,25.00,60,3.50,0.02,0,0,1,0,0,0,0,0,0,0,0,1,1,1,0,1,1,1,DD,0,1,0,0,0,0,1,1,1,0,0,0,DD,1,0,0,0,0,1,1,0,0,1,0,0,DD,DD,DD,DD,1,1,DD,DD,DD,DD,DD,DD,DD,DD,DD,DD,DD,DD,DD,DD,DD,0,0,0,0,0,0,0,0,0,0,0,0,0,0,0,0,0,0,0,0,0,0,1,0,0,0,0,1,0,1,0,0,0,0,0,0,0,0,0,0,0,0,0,0,0,0,0,0,1,0,0,0,0,0,0,100,1800,0,0,0,0,0,0,0,1,0,0,0,178122.44,0,0,0,0,0,0,0,0,0,0,0,0,0,0,0,0,0,0,0,0,0,0,0,0,0,0,0,0,0,0,0,0,0,0,0,0,0,0,0,1,0,0,0,1,0,0,0,0,1,0,0,1,0,0,0,0,0,0,0,0,0,1,0
Alytes dickhilleni,DD,DD,DD,DD,DD,44.70,DD,47.17,DD,DD,47.17,1,0,0,DD,DD,DD,DD,DD,DD,DD,DD,DD,1,0,0,0,1,0,1,1,0,1,DD,DD,0,1,0,DD,DD,DD,DD,DD,2.00,DD,DD,0,0,0,1,0,0,25.00,40,DD,DD,DD,0,1,0,0,0,0,0,0,0,0,0,DD,1,0,1,1,1,DD,DD,DD,DD,DD,DD,DD,1,1,DD,DD,DD,DD,DD,1,0,0,0,0,1,1,0,0,DD,DD,DD,DD,DD,DD,DD,DD,DD,DD,DD,DD,DD,DD,DD,DD,DD,DD,DD,DD,DD,DD,DD,DD,0,0,0,0,1,0,0,0,0,0,0,0,0,0,0,0,0,0,0,0,0,0,0,0,0,0,0,0,0,0,0,0,0,0,0,0,0,0,0,0,0,0,1,0,0,0,0,0,0,0,0,0,0,0,0,340,2100,0,0,0,0,0,0,0,1,0,0,0,31402.06,0,0,0,0,0,0,0,0,0,0,0,0,0,0,0,0,0,0,0,0,0,0,0,0,0,0,0,0,0,0,0,0,0,0,0,0,0,0,0,0,1,0,0,0,1,0,0,0,1,0,0,1,0,0,0,0,0,0,0,0,0,1,0
Alytes muletensis,0,DD,DD,2.31,DD,34.70,35.65,35.18,DD,DD,35.18,1,0,0,DD,DD,DD,DD,DD,DD,DD,DD,DD,1,0,0,0,1,0,1,1,0,1,1,0,0,1,0,DD,DD,DD,DD,DD,3.00,DD,DD,0,0,0,1,0,0,DD,20,7.00,DD,DD,0,1,0,0,0,0,0,0,0,0,0,1,1,0,1,1,0,DD,0,1,0,0,0,0,1,1,DD,DD,DD,DD,DD,0,0,0,0,1,1,1,0,0,DD,DD,DD,DD,DD,DD,DD,DD,DD,DD,DD,DD,DD,DD,DD,DD,DD,DD,DD,DD,DD,DD,DD,DD,0,0,0,0,0,0,0,0,0,0,0,0,0,0,0,0,0,0,0,0,0,0,0,0,0,0,1,0,0,0,1,0,0,0,0,0,0,0,0,0,0,0,1,0,1,0,0,0,0,0,0,0,0,0,0,300,400,0,0,0,0,0,0,0,1,0,0,0,240.22,0,0,0,0,0,0,0,0,0,0,0,0,0,0,0,0,0,0,0,0,0,0,0,0,0,0,0,0,0,0,0,0,0,0,0,0,0,0,0,0,1,0,0,0,1,0,0,0,0,0,1,0,0,0,0,0,0,0,0,0,1,1,0
Alytes obstetricans,0,DD,11.70,11.70,3.50,45.05,49.57,47.31,46.15,51.60,47.31,1,0,0,15.25,15.00,15.13,54.25,55.00,58.61,16.00,15.00,17.38,1,0,0,0,1,0,1,1,0,1,0,0,0,1,0,DD,0.40,DD,DD,DD,2.50,0,1,0,0,0,1,0,0,26.50,70,5.00,0.04,0,0,1,0,0,0,0,0,0,0,0,0,1,1,0,1,1,0,0,0,0,0,0,1,0,1,1,1,0,0,0,DD,1,0,0,0,1,1,1,0,0,1,0,0,DD,1,1,0,1,1,0,1,1,0,0,1,0,DD,500.00,DD,DD,DD,DD,500.00,DD,0,0,0,0,1,0,0,0,0,0,0,0,0,0,0,0,0,0,0,0,0,0,0,0,0,0,0,0,0,0,0,0,0,1,0,0,0,0,0,0,0,0,1,0,0,0,0,0,1,0,0,0,0,0,0,0,2400,1,0,0,1,0,0,1,1,0,0,0,1209435.49,0,0,0,0,0,0,0,0,0,0,0,0,0,0,0,0,0,0,0,0,0,0,0,0,0,0,0,0,0,0,0,0,0,0,0,0,0,0,1,0,0,0,1,0,0,0,0,0,1,0,0,1,0,0,0,0,0,0,0,0,1,1,0
Anaxyrus americanus,DD,118.70,59.30,60.00,DD,62.87,76.89,69.88,64.56,76.89,69.88,1,0,0,DD,DD,29.00,DD,DD,DD,DD,53.33,21.00,1,0,0,0,1,1,0,1,0,DD,DD,DD,0,1,0,DD,DD,DD,DD,DD,3.00,DD,DD,DD,DD,DD,0,0,1,9.50,20000,1.40,DD,DD,0,0,1,1,0,0,1,0,0,0,0,DD,0,0,0,0,0,DD,0,0,0,0,1,1,1,1,1,0,0,0,0.15,1,0,0,0,1,1,1,0,0,0,0,0,687.95,DD,DD,DD,1,1,0,0,0,0,DD,DD,DD,DD,DD,DD,1,0,452.73,4023.36,13.72,0,0,0,0,1,0,0,0,0,0,0,0,0,0,0,0,0,0,0,0,0,0,1,0,0,0,0,0,0,0,0,0,1,0,0,0,0,0,0,0,0,0,0,0,0,0,0,0,0,0,1,1,1,0,0,0,1524,0,0,0,0,0,0,0,0,0,0,0,DD,0,0,0,0,0,0,0,0,0,0,0,0,0,0,0,0,0,0,0,0,0,0,0,0,1,0,0,0,0,0,0,0,0,0,0,0,0,0,0,1,0,0,1,0,0,0,0,0,0,1,0,0,0,0,0,0,0,0,0,0,0,0,1
Atylodes genei,1,DD,DD,3.92,DD,53.29,49.00,51.15,DD,DD,98.24,0,0,1,DD,DD,6.50,DD,DD,16.33,DD,DD,DD,0,1,0,0,1,1,0,1,0,0,1,0,0,0,1,DD,DD,DD,DD,DD,DD,DD,DD,0,0,0,1,0,0,20.00,10,5.50,DD,0,1,0,0,0,0,0,0,0,0,0,0,1,0,0,1,1,0,DD,0,1,0,0,0,0,DD,DD,DD,1,DD,DD,DD,DD,DD,DD,DD,DD,1,0,1,0,DD,DD,DD,DD,DD,DD,DD,DD,DD,DD,DD,DD,DD,DD,DD,DD,DD,DD,DD,DD,DD,DD,DD,DD,0,0,0,0,0,0,0,0,0,0,0,0,0,0,0,0,0,0,0,0,0,0,0,0,0,0,0,0,0,0,0,0,0,0,0,0,0,0,0,0,0,0,0,0,1,0,0,0,0,0,0,0,0,0,0,0,650,0,0,0,0,0,0,0,1,0,0,0,2246.70,0,0,0,0,0,0,0,0,0,0,0,0,0,0,0,0,0,0,0,0,0,0,0,0,0,0,0,0,0,0,0,0,0,0,0,0,0,0,0,0,1,0,0,0,1,0,0,0,1,0,0,1,0,1,0,1,0,0,0,0,0,1,0
Bombina bombina,1,3.17,2.97,3.07,0.87,38.89,40.00,39.44,36.60,36.80,39.44,1,0,0,17.00,16.33,16.67,52.33,51.67,52.00,14.33,14.00,14.17,1,0,0,0,1,1,0,1,0,0,1,0,1,0,0,DD,DD,DD,1.00,2.00,1.00,0,1,0,0,0,1,0,0,15.00,300,1.20,0.32,0,0,0,0,0,1,0,0,1,0,0,0,0,0,0,0,0,0,1,0,1,0,0,0,0,1,1,1,0,0,0,DD,1,0,0,1,0,1,1,1,0,1,0,0,60.00,1,1,0,1,1,0,0,1,0,1,1,0,DD,DD,DD,1,0,DD,170.00,DD,0,0,0,0,0,0,0,0,0,0,0,0,0,0,0,0,0,0,0,0,0,0,1,0,0,0,0,0,0,1,0,0,0,1,0,0,0,0,0,0,0,0,0,0,0,0,0,0,0,0,0,0,0,0,0,0,730,1,0,0,1,1,1,1,1,0,1,1,3799904.93,0,0,0,1,0,0,0,0,0,0,0,0,0,0,0,0,0,0,0,0,0,0,0,0,0,0,0,0,0,0,0,0,0,0,0,0,0,0,1,0,0,0,1,0,0,0,0,0,1,0,0,1,0,1,1,1,1,1,0,0,0,1,0
Bombina pachypus,DD,DD,DD,DD,DD,45.75,45.25,45.50,DD,DD,45.50,1,0,0,16.00,15.00,15.50,52.50,49.00,50.75,16.00,15.00,15.50,DD,DD,DD,DD,DD,DD,DD,DD,DD,DD,DD,DD,DD,DD,DD,DD,DD,DD,DD,DD,3.00,DD,DD,DD,DD,DD,1,0,0,DD,300,1.20,0.32,DD,0,0,0,0,1,0,0,1,0,0,DD,0,0,0,0,0,0,DD,DD,DD,DD,DD,DD,DD,DD,DD,DD,DD,DD,DD,DD,DD,DD,DD,DD,DD,1,1,1,0,DD,DD,DD,DD,DD,DD,DD,1,1,0,0,1,0,DD,DD,DD,DD,DD,DD,DD,DD,DD,250.00,DD,DD,DD,DD,DD,DD,DD,DD,DD,DD,DD,DD,DD,DD,DD,DD,DD,DD,DD,DD,DD,DD,DD,DD,DD,DD,DD,DD,DD,DD,DD,DD,DD,DD,DD,DD,DD,DD,DD,DD,DD,DD,DD,DD,DD,DD,DD,DD,DD,DD,DD,DD,DD,DD,DD,DD,DD,DD,1,0,0,0,0,0,1,1,0,0,0,101449.24,0,0,0,0,0,0,0,0,0,0,0,0,0,0,0,0,0,0,0,0,0,0,0,0,0,0,0,0,0,0,0,0,0,0,0,0,0,0,0,1,0,0,0,0,0,1,0,0,1,0,0,1,0,0,0,0,0,0,0,0,1,0,0
Bombina variegata,1,6.56,6.77,6.32,DD,45.08,44.34,44.71,DD,DD,44.71,1,0,0,DD,DD,DD,DD,DD,DD,DD,DD,DD,1,0,0,0,1,1,0,1,0,1,1,0,1,0,0,0.80,0.04,0.13,DD,DD,1.50,0,1,0,0,0,0,1,0,13.90,170,2.00,0.01,0,0,0,0,1,0,0,1,0,0,0,1,0,0,0,0,0,0,1,0,1,1,0,1,0,1,1,1,0,0,0,DD,1,0,0,1,0,1,1,1,0,1,0,0,DD,1,1,0,1,1,0,0,1,0,1,1,1,DD,4000.00,DD,1,1,192.73,3800.00,6.00,0,0,0,0,1,0,0,0,0,0,0,0,0,0,0,0,0,0,0,0,0,0,0,0,0,0,0,0,0,1,0,0,0,1,0,0,0,0,0,0,0,0,0,0,0,0,0,0,0,0,0,0,0,0,0,70,2100,1,0,0,0,0,0,1,1,0,1,0,1392652.56,0,0,0,0,0,0,0,0,0,0,0,0,0,0,0,0,0,0,0,0,0,0,0,0,0,0,0,0,0,0,0,0,0,0,0,0,0,0,1,0,0,0,1,0,0,0,0,0,1,0,0,1,0,1,0,1,1,1,0,0,0,0,0
Bufo bufo,1,41.50,164.75,76.54,DD,66.11,88.46,77.28,62.73,83.17,77.28,1,0,0,34.67,46.40,40.53,95.30,138.30,112.65,27.00,39.20,33.10,1,0,0,0,1,1,0,1,0,1,0,0,0,1,0,0.60,0.10,DD,3.00,4.00,3.00,1,1,0,0,0,0,0,1,11.75,10000,2.20,DD,0,0,0,0,1,0,0,0,0,0,0,1,0,0,0,0,0,0,1,0,1,0,0,1,0,1,1,1,0,0,0,0.21,1,0,0,0,1,1,1,1,0,1,0,0,50.00,0,1,1,1,1,1,1,0,0,1,1,0,180.00,DD,DD,1,0,15.00,4000.00,55.00,0,0,0,0,1,0,0,0,0,0,0,0,0,0,0,0,0,0,0,0,0,0,0,0,0,0,0,0,0,1,0,0,0,0,0,0,0,0,0,0,0,0,0,0,0,0,0,0,0,0,0,1,1,0,0,0,2500,1,0,0,1,1,1,1,1,0,1,1,14487863.56,0,0,0,0,1,0,0,0,0,0,0,0,0,0,1,0,0,0,0,0,0,0,0,0,0,0,0,0,0,0,0,0,0,0,0,0,0,0,1,0,0,0,1,0,0,0,0,0,0,1,0,1,0,1,1,1,1,1,0,0,1,1,0
Bufo mauritanicus,DD,DD,DD,DD,DD,132.00,150.00,141.00,DD,DD,141.00,1,0,0,DD,DD,DD,DD,DD,DD,DD,DD,DD,1,0,0,0,1,1,0,1,0,1,DD,DD,0,1,0,DD,DD,DD,DD,DD,DD,DD,DD,DD,DD,DD,DD,DD,DD,12.00,10000,DD,DD,DD,DD,DD,DD,DD,DD,DD,DD,DD,DD,DD,DD,0,0,0,0,0,0,DD,DD,DD,DD,DD,DD,DD,1,1,0,0,0,0,DD,DD,DD,DD,DD,DD,1,1,1,0,DD,DD,DD,DD,DD,DD,DD,1,1,0,0,0,0,DD,DD,DD,DD,DD,DD,DD,DD,DD,DD,DD,0,0,0,0,1,0,0,0,0,0,0,0,0,0,0,0,0,0,0,0,0,0,0,0,0,0,0,0,0,0,0,0,0,0,1,0,0,0,0,0,0,0,1,0,0,0,0,0,0,0,0,1,1,0,0,DD,2600,0,0,0,0,0,0,0,1,0,0,0,754569.77,0,0,0,0,0,0,0,0,0,0,0,0,0,0,1,0,0,0,0,0,0,0,0,0,0,0,0,0,0,0,0,0,0,0,0,0,0,0,0,1,0,0,1,0,0,0,0,0,0,1,0,1,0,0,1,0,1,1,0,0,0,1,0
Calotriton arnoldi,DD,DD,DD,DD,DD,58.95,58.45,58.70,104.60,104.60,103.95,0,1,0,DD,DD,DD,DD,DD,18.27,DD,DD,DD,0,1,0,0,0,0,0,1,0,0,DD,DD,0,1,0,DD,DD,DD,DD,DD,DD,DD,DD,DD,DD,DD,DD,DD,DD,DD,20,DD,DD,DD,DD,DD,DD,DD,DD,DD,DD,DD,DD,DD,DD,DD,DD,DD,DD,DD,DD,DD,DD,DD,DD,DD,DD,DD,1,1,0,0,0,0,DD,1,0,0,0,0,1,0,1,0,DD,DD,DD,DD,DD,DD,DD,DD,DD,DD,DD,DD,DD,DD,DD,DD,DD,DD,DD,DD,DD,DD,DD,DD,DD,DD,DD,DD,DD,DD,DD,DD,DD,DD,DD,DD,DD,DD,DD,DD,DD,DD,DD,DD,DD,DD,DD,DD,DD,DD,DD,DD,DD,DD,DD,DD,DD,DD,DD,DD,DD,DD,DD,DD,DD,DD,DD,DD,DD,DD,DD,DD,DD,DD,DD,DD,DD,DD,DD,600,1200,0,0,0,0,0,0,0,1,0,0,0,127.00,0,0,0,0,0,0,0,0,0,0,0,0,0,0,0,0,0,0,0,0,0,0,0,0,0,0,0,0,0,0,0,0,0,0,0,0,0,0,0,0,1,0,0,0,0,0,1,0,1,0,0,0,0,0,0,0,1,1,0,0,0,1,0
Calotriton asper,1,7.10,6.13,6.62,1.80,64.97,61.67,63.32,112.93,121.01,116.70,0,1,0,DD,DD,DD,18.29,16.51,16.50,DD,DD,DD,0,1,0,0,0,0,0,1,0,0,0,0,0,1,0,DD,DD,DD,3.00,4.00,3.00,DD,DD,0,0,0,1,0,0,53.38,30,5.00,DD,0,1,0,0,0,0,0,0,0,0,0,0,0,0,0,0,0,0,1,1,1,1,1,0,0,1,1,1,0,0,0,DD,1,0,0,0,0,1,0,1,0,0,0,0,DD,1,DD,0,1,0,0,0,1,0,0,1,0,DD,DD,DD,1,0,50.00,DD,DD,0,0,0,0,0,0,0,0,0,0,0,0,0,0,0,0,0,0,0,0,0,0,0,0,0,0,1,0,0,0,1,0,1,0,0,0,0,0,0,0,0,0,0,1,1,0,0,0,0,0,0,0,0,0,0,175,2500,1,0,0,1,0,0,0,1,0,0,0,30087.28,0,0,0,0,0,0,0,0,0,0,0,0,0,0,0,0,0,0,0,0,0,0,0,0,0,0,0,0,0,0,0,0,0,0,0,0,0,0,0,1,0,0,0,1,0,0,0,0,1,0,0,1,1,0,0,0,1,0,0,0,0,1,0
Chioglossa lusitanica,1,DD,DD,2.00,DD,45.09,45.94,45.51,156.00,164.00,159.00,0,0,1,DD,DD,DD,12.62,12.60,14.04,DD,DD,DD,0,1,0,0,0,0,0,1,0,0,0,0,0,1,0,DD,DD,DD,DD,DD,4.00,DD,DD,0,0,0,0,1,0,70.00,20,5.00,DD,0,0,0,1,1,0,0,1,0,0,0,0,0,0,0,0,0,0,1,0,1,0,0,0,0,1,1,1,0,0,0,DD,1,0,0,0,1,1,0,1,0,DD,DD,DD,DD,DD,1,0,0,0,0,1,0,0,1,1,0,25.00,700.00,DD,1,0,DD,700.00,DD,0,0,0,0,0,0,0,0,0,0,0,0,0,0,0,0,0,0,0,0,0,0,0,0,0,0,1,0,0,0,0,0,0,0,0,0,0,0,0,0,0,0,0,1,1,0,0,0,0,0,0,0,0,0,0,0,1200,0,0,0,1,0,0,0,1,0,0,0,59341.23,0,0,0,0,0,0,0,0,0,0,0,0,0,0,0,0,0,0,0,0,0,0,0,0,0,0,0,0,0,0,0,0,0,0,0,0,0,0,0,1,0,0,0,0,1,0,0,0,1,0,0,1,0,0,0,0,1,1,1,0,0,1,0
Discoglossus galganoi,1,21.80,15.20,18.50,DD,54.85,49.20,52.03,50.50,46.50,52.03,1,0,0,DD,DD,DD,DD,DD,DD,DD,DD,DD,1,0,0,0,1,1,0,1,0,1,0,0,0,0,1,DD,DD,DD,5.00,4.00,4.00,1,0,0,0,0,0,1,0,10.00,1500,2.00,DD,0,0,0,0,1,1,0,1,1,0,0,0,0,0,0,0,0,0,DD,0,1,0,0,1,1,1,1,1,1,0,0,DD,0,0,0,0,1,1,1,1,0,DD,DD,DD,DD,DD,DD,DD,DD,DD,DD,DD,DD,DD,DD,DD,DD,DD,DD,DD,DD,DD,DD,DD,DD,0,0,0,0,0,0,0,0,0,0,0,0,0,0,0,0,0,0,0,0,0,0,0,0,0,0,1,0,0,1,0,0,0,0,0,0,0,0,0,0,0,0,0,0,0,0,0,0,0,0,0,0,0,0,0,0,1600,0,0,0,1,0,0,0,1,0,0,0,321622.97,0,0,0,0,0,0,0,0,0,0,0,0,0,0,0,0,0,0,0,0,0,0,0,0,0,0,0,0,0,0,0,0,0,0,0,0,0,0,0,1,0,0,1,0,0,0,0,0,1,0,0,1,1,0,0,0,0,0,1,0,0,1,0
Discoglossus jeanneae,DD,DD,DD,DD,DD,39.50,40.70,40.10,DD,DD,40.10,1,0,0,DD,DD,DD,DD,DD,DD,DD,DD,DD,1,0,0,0,1,1,0,1,0,1,DD,DD,0,0,1,DD,DD,DD,DD,DD,DD,DD,DD,DD,DD,DD,0,1,0,DD,1500,DD,DD,DD,0,0,0,1,1,0,1,1,0,0,0,0,0,0,0,0,0,DD,0,0,0,0,1,0,1,1,1,0,0,0,DD,0,0,0,0,1,1,1,1,0,DD,DD,DD,DD,DD,DD,DD,DD,DD,DD,DD,DD,DD,DD,DD,DD,DD,DD,DD,DD,DD,DD,DD,DD,0,0,0,0,0,0,0,0,0,0,0,0,0,0,0,0,0,0,0,0,0,0,0,0,0,0,0,0,0,0,0,0,0,0,0,0,0,0,0,0,0,0,0,0,0,0,0,0,0,0,0,0,0,0,0,DD,DD,0,0,0,1,0,0,0,1,0,0,0,197868.82,0,0,0,0,0,0,0,0,0,0,0,0,0,0,0,0,0,0,0,0,0,0,0,0,0,0,0,0,0,0,0,0,0,0,0,0,0,0,0,1,0,0,0,1,0,0,0,0,1,0,0,1,1,0,0,0,0,0,0,0,0,1,0
Discoglossus montalentii,1,DD,DD,DD,DD,DD,DD,60.00,DD,DD,60.00,1,0,0,DD,DD,DD,DD,DD,DD,DD,DD,DD,1,0,0,0,1,1,0,1,0,1,0,0,0,0,1,DD,DD,DD,DD,DD,DD,DD,DD,0,0,0,0,1,0,DD,1000,1.50,DD,0,0,0,0,0,1,0,0,1,0,0,0,0,0,0,0,0,0,DD,DD,DD,DD,DD,DD,DD,1,1,0,0,0,0,DD,0,0,0,0,1,1,1,1,0,DD,DD,DD,DD,DD,DD,DD,DD,1,DD,DD,DD,DD,DD,DD,DD,DD,DD,DD,DD,DD,DD,DD,DD,0,0,0,0,0,0,0,0,0,0,0,0,0,0,0,0,0,0,0,0,0,0,0,0,0,0,1,0,0,1,1,0,0,0,0,0,0,0,0,0,0,0,1,0,0,0,0,0,0,0,0,0,0,0,0,300,1900,0,0,0,0,0,0,0,1,0,0,0,4506.86,0,0,0,0,0,0,0,0,0,0,0,0,0,0,0,0,0,0,0,0,0,0,0,0,0,0,0,0,0,0,0,0,0,0,0,0,0,0,0,0,1,0,0,1,0,0,0,1,0,0,0,0,1,0,0,0,0,0,0,0,0,0,0
Discoglossus pictus,1,22.05,9.65,15.85,DD,56.49,47.86,52.18,DD,DD,52.18,1,0,0,27.25,23.50,25.38,89.75,80.00,86.67,29.75,26.00,28.83,1,0,0,0,1,1,0,1,0,1,0,0,0,0,1,DD,DD,DD,DD,DD,4.00,DD,DD,0,0,0,0,1,0,10.00,1500,1.50,DD,0,0,0,0,1,0,0,0,0,0,0,0,0,0,0,0,0,0,DD,0,1,0,0,1,1,1,1,1,1,0,0,0.21,0,0,0,0,1,1,1,1,0,DD,DD,DD,DD,0,DD,DD,DD,DD,DD,DD,DD,DD,DD,DD,DD,DD,1500.00,DD,DD,DD,DD,DD,DD,0,0,0,0,1,0,0,0,0,0,0,0,0,0,0,0,0,0,0,0,0,0,0,0,0,0,0,0,0,1,0,0,0,0,0,0,0,0,0,0,0,0,0,0,0,0,0,0,0,1,0,0,0,0,1,0,1500,0,0,0,0,0,0,0,1,0,0,0,218784.87,0,0,0,0,0,0,0,0,0,0,0,0,0,0,1,0,0,0,0,0,0,0,0,0,0,0,0,0,0,0,0,0,0,0,0,0,0,0,0,1,0,0,1,0,0,0,0,0,0,1,0,1,0,0,0,0,0,0,0,0,0,1,0
Discoglossus sardus,1,DD,DD,DD,DD,54.60,55.50,55.05,DD,DD,55.05,1,0,0,DD,DD,DD,DD,DD,DD,DD,DD,DD,1,0,0,0,1,1,0,1,0,0,1,0,0,0,1,DD,DD,DD,DD,DD,3.00,DD,DD,0,0,0,0,1,0,15.25,1000,1.50,DD,0,0,0,1,0,0,0,0,0,0,0,0,0,0,0,0,0,0,DD,0,0,0,0,1,1,1,1,0,1,0,0,DD,0,0,0,0,1,1,1,1,0,DD,DD,DD,DD,DD,DD,DD,DD,DD,DD,DD,DD,DD,DD,DD,DD,DD,250.00,DD,DD,DD,DD,DD,DD,0,0,0,0,1,0,0,0,0,0,0,0,0,0,0,0,0,0,0,0,0,0,0,0,0,0,1,0,0,1,0,0,0,0,0,0,0,0,0,0,0,0,0,0,0,0,0,0,0,0,0,0,0,0,0,0,1770,0,0,0,0,0,0,0,1,0,0,0,33013.18,0,0,0,0,0,0,0,0,0,0,0,0,0,0,0,0,0,0,0,0,0,0,0,0,0,0,0,0,0,0,0,0,0,0,0,0,0,0,0,0,1,0,1,0,0,0,0,0,1,0,0,1,0,0,0,0,0,0,0,0,0,1,1
Epidalea calamita,1,46.81,53.63,50.22,DD,59.03,67.13,63.08,72.88,72.75,63.08,1,0,0,24.00,22.33,23.17,68.67,67.67,68.17,20.67,20.00,20.34,1,0,0,0,1,1,0,1,0,1,1,0,0,1,0,DD,0.22,0.27,3.00,4.00,3.00,0,1,0,0,0,0,0,1,9.66,4000,1.70,DD,0,0,0,0,1,1,0,1,1,0,0,1,0,0,0,0,0,0,1,0,0,0,0,1,1,1,1,1,0,0,0,0.32,1,0,0,0,1,1,1,1,1,1,0,0,1450.00,1,1,0,0,0,1,1,0,0,1,1,0,2462.80,4411.00,567.00,0,1,510.66,2600.00,86.00,0,0,0,0,0,0,0,0,0,0,0,0,0,0,0,0,0,0,0,0,0,0,1,0,0,0,0,0,0,1,0,0,0,0,0,0,0,0,0,0,1,0,0,0,0,0,0,0,0,0,0,0,0,0,1,0,2400,1,0,0,1,0,1,1,1,0,0,0,2758680.29,0,0,0,0,0,0,0,0,0,0,0,0,0,0,0,0,0,0,0,0,0,0,0,0,0,0,0,0,0,0,0,0,0,0,0,0,0,0,1,0,0,0,1,0,0,0,0,0,1,0,0,1,0,0,0,0,1,1,0,0,0,1,0
Euproctus montanus,1,DD,DD,2.50,DD,56.00,58.00,57.00,DD,DD,116.50,0,0,1,DD,DD,DD,DD,DD,20.50,DD,DD,DD,0,1,0,0,0,0,0,1,0,0,0,0,0,1,0,DD,DD,DD,3.00,4.00,3.00,DD,DD,0,0,0,1,0,0,50.85,60,2.50,DD,0,0,0,0,1,0,0,1,0,0,0,0,1,0,0,1,1,0,DD,0,0,1,1,0,0,1,1,1,0,0,0,DD,1,0,0,0,0,1,0,1,0,DD,DD,DD,DD,DD,DD,DD,DD,DD,DD,DD,DD,DD,DD,DD,DD,DD,DD,DD,DD,DD,DD,DD,DD,0,0,0,0,0,0,0,0,0,0,0,0,0,0,0,0,0,0,0,0,0,0,0,0,0,0,1,0,0,0,1,0,1,0,0,0,0,0,0,0,0,0,0,0,0,0,0,0,0,0,0,0,0,0,0,500,2260,0,0,0,0,0,0,0,1,0,0,0,6018.22,0,0,0,0,0,0,0,0,0,0,0,0,0,0,0,0,0,0,0,0,0,0,0,0,0,0,0,0,0,0,0,0,0,0,0,0,0,0,0,0,1,0,1,0,0,0,0,0,0,1,0,1,1,0,0,1,1,1,0,0,0,1,0
Euproctus platycephalus,1,5.10,2.90,4.00,DD,59.85,43.55,51.70,127.00,112.00,120.00,0,0,1,DD,DD,DD,30.30,25.20,16.50,DD,DD,DD,0,1,0,0,0,0,0,1,0,0,0,0,1,0,0,DD,DD,DD,DD,DD,2.50,DD,DD,0,0,0,1,0,0,60.00,220,3.00,DD,0,1,0,0,0,0,0,0,0,0,0,0,1,0,0,1,1,0,0,1,1,1,0,0,0,1,1,1,0,0,0,DD,1,0,0,0,0,1,0,1,0,DD,DD,DD,DD,DD,DD,DD,1,0,1,0,1,0,DD,DD,DD,DD,DD,DD,DD,DD,DD,DD,DD,0,0,0,0,0,0,0,0,0,0,0,0,0,0,0,0,0,0,0,0,0,0,0,0,0,1,0,0,0,1,1,0,0,0,0,0,0,0,0,0,0,0,0,0,0,0,0,0,0,0,0,0,0,0,0,50,1800,0,0,0,0,0,0,0,1,0,0,0,10840.26,0,0,0,0,0,0,0,0,0,0,0,0,0,0,0,0,0,0,0,0,0,0,0,0,0,0,0,0,0,0,0,0,0,0,0,0,0,0,0,0,1,0,0,0,0,1,0,0,1,0,0,1,1,0,0,0,1,1,0,0,0,1,0
Hyla arborea,1,5.35,7.06,6.04,DD,41.19,44.03,42.61,43.07,44.35,42.61,1,0,0,17.33,18.67,18.00,58.00,19.33,60.84,18.00,18.67,19.07,1,0,0,1,1,0,1,1,0,1,1,0,0,0,1,DD,DD,DD,1.00,2.00,1.00,0,1,0,0,0,0,1,0,18.00,1400,1.50,DD,1,0,0,0,1,0,0,1,0,0,0,1,0,0,0,0,0,0,1,0,1,0,0,0,0,1,1,1,0,0,0,1.75,1,0,0,0,0,1,1,0,0,1,0,0,10.00,1,1,1,0,1,0,1,0,0,1,1,0,DD,2400.00,1500.00,1,0,390.00,12570.00,18.00,0,0,0,0,1,0,0,0,0,0,0,0,0,0,1,0,0,0,0,0,0,0,0,0,0,0,0,0,1,1,0,0,0,0,0,0,0,0,0,0,0,0,0,0,0,0,0,0,0,0,0,1,1,0,0,0,2300,1,1,0,1,1,1,1,1,0,1,1,4481673.62,0,0,1,0,0,0,0,0,0,0,0,0,0,0,0,0,0,0,0,0,0,0,0,0,0,0,0,0,0,0,0,0,0,0,0,0,0,0,1,0,0,0,1,0,0,0,0,0,1,0,0,1,0,1,0,1,1,1,0,0,0,1,0
Hyla intermedia,DD,DD,DD,6.28,DD,38.03,43.93,40.98,DD,DD,40.98,1,0,0,DD,DD,17.14,DD,DD,DD,DD,DD,15.72,1,0,0,1,1,0,1,1,0,1,DD,DD,0,0,1,DD,DD,DD,1.00,2.00,1.00,0,1,DD,DD,DD,0,1,0,20.00,1400,1.50,DD,DD,0,0,0,1,0,0,1,0,0,0,1,0,0,0,0,0,0,DD,DD,DD,DD,DD,DD,DD,1,1,1,0,0,0,DD,1,0,0,0,0,1,1,0,0,1,0,0,DD,1,DD,DD,0,1,0,1,0,0,DD,DD,DD,DD,DD,DD,DD,DD,DD,12600.00,DD,DD,DD,DD,DD,DD,DD,DD,DD,DD,DD,DD,DD,DD,DD,DD,DD,DD,DD,DD,DD,DD,DD,DD,DD,DD,DD,DD,DD,DD,DD,DD,DD,DD,DD,DD,DD,DD,DD,DD,DD,DD,DD,DD,DD,DD,DD,DD,DD,DD,DD,DD,DD,DD,DD,DD,0,2300,1,0,0,0,0,0,1,1,0,0,0,247041.91,0,0,0,0,0,0,0,0,0,0,0,0,0,0,0,0,0,0,0,0,0,0,0,0,0,0,0,0,0,0,0,0,0,0,0,0,0,0,0,1,0,0,1,0,0,0,0,0,0,1,0,1,0,0,0,0,1,1,0,0,0,1,0
Hyla meridionalis,1,2.65,2.65,3.11,DD,38.59,39.45,39.02,DD,DD,39.02,1,0,0,17.33,17.67,17.50,64.33,65.67,65.02,20.33,17.67,20.55,1,0,0,1,1,0,1,1,0,1,1,0,0,1,0,DD,DD,DD,1.00,2.00,1.00,DD,DD,0,0,0,0,1,0,14.80,1000,1.50,DD,1,0,0,0,1,1,0,1,1,0,0,1,0,0,0,0,0,0,DD,0,0,0,0,1,1,1,1,1,0,1,0,DD,1,0,0,0,0,1,1,0,0,1,0,0,DD,1,DD,DD,0,1,0,1,0,0,DD,DD,DD,DD,DD,DD,DD,DD,DD,DD,DD,0,0,0,0,1,0,0,0,0,0,0,0,0,0,1,0,0,0,0,0,0,0,0,0,0,0,1,0,0,1,0,0,0,1,0,0,0,0,0,0,0,0,0,0,0,0,0,0,1,0,0,1,0,0,0,0,965,1,0,0,1,0,0,0,1,1,0,0,694723.24,0,0,0,0,0,0,0,0,0,0,0,0,0,0,1,0,0,0,0,0,0,0,0,0,0,0,0,0,0,0,0,0,0,0,0,0,0,0,1,0,0,0,1,0,0,0,0,0,0,1,0,1,1,0,0,0,1,1,0,0,0,1,0
Hyla sarda,1,DD,DD,3.18,DD,DD,DD,35.60,DD,DD,35.60,1,0,0,DD,DD,DD,DD,DD,DD,DD,DD,DD,1,0,0,1,1,0,1,1,0,1,1,0,0,0,1,DD,DD,DD,1.00,2.00,1.00,DD,DD,0,0,0,0,1,0,20.00,1000,1.50,DD,1,0,0,0,1,0,0,1,0,0,0,1,0,0,0,0,0,0,DD,0,1,0,0,0,0,1,1,1,0,0,0,DD,1,0,0,0,0,1,1,0,0,1,0,0,DD,1,DD,DD,0,1,0,1,0,0,0,1,0,DD,500.00,DD,DD,DD,DD,12600.00,DD,0,0,0,0,0,0,0,0,0,0,0,0,0,0,1,0,0,0,0,0,0,0,0,0,0,0,1,0,0,1,0,0,0,1,0,0,0,0,0,0,0,0,1,0,0,0,0,0,0,0,0,0,1,0,0,0,1750,0,0,0,0,0,0,0,1,0,0,0,33518.71,0,0,0,0,0,0,0,0,0,0,0,0,0,0,0,0,0,0,0,0,0,0,0,0,0,0,0,0,0,0,0,0,0,0,0,0,0,0,0,0,1,0,1,0,0,0,0,0,0,1,0,0,0,0,0,0,0,0,0,0,0,0,1
Lissotriton boscai,1,DD,DD,1.77,DD,32.18,38.12,35.15,66.44,77.20,72.49,0,1,0,DD,DD,DD,DD,DD,13.50,DD,DD,32.94,0,1,0,0,1,1,0,1,0,0,1,0,0,1,0,DD,DD,DD,DD,DD,3.00,DD,DD,DD,DD,DD,1,0,0,32.95,250,2.00,0.00,DD,0,0,1,1,0,0,1,0,0,0,0,DD,0,0,0,0,0,DD,1,1,1,0,0,0,1,1,1,1,1,1,DD,0,0,0,1,0,1,0,1,1,0,0,0,DD,DD,DD,DD,1,0,0,0,1,0,DD,DD,DD,DD,DD,DD,DD,DD,80.00,DD,DD,0,0,0,0,0,0,0,0,0,0,0,0,0,0,0,0,0,0,0,0,0,0,0,0,0,0,1,0,0,1,0,0,0,0,0,0,0,0,0,0,0,0,0,0,1,0,0,0,0,0,0,0,0,0,0,0,1940,0,0,0,1,0,0,0,1,0,0,0,240559.43,0,0,0,0,0,0,0,0,0,0,0,0,0,0,0,0,0,0,0,0,0,0,0,0,0,0,0,0,0,0,0,0,0,0,0,0,0,0,0,1,0,0,1,0,0,0,0,0,0,1,0,1,1,0,0,0,0,0,0,0,1,1,0
Lissotriton helveticus,1,1.24,1.45,1.30,DD,34.50,39.64,37.07,72.00,76.00,77.24,0,1,0,DD,DD,DD,DD,DD,14.00,DD,DD,DD,0,1,0,0,1,1,0,1,0,0,1,1,0,1,0,0.42,DD,DD,2.00,5.00,2.00,0,1,0,0,0,1,0,0,35.00,460,1.50,0.00,0,0,0,1,1,0,0,1,0,0,0,1,0,0,0,0,0,0,1,1,1,1,0,0,0,1,1,1,1,0,0,DD,1,0,0,0,1,1,1,1,1,0,0,0,DD,1,DD,DD,1,0,0,0,1,0,1,1,0,DD,DD,DD,1,1,DD,400.00,DD,0,0,0,0,0,0,0,0,0,0,0,0,0,0,0,0,0,0,0,0,0,0,0,0,0,0,0,0,0,1,1,0,0,0,0,0,0,0,0,0,0,0,0,0,0,0,0,0,0,0,0,0,0,0,0,0,2400,1,0,0,1,0,0,1,1,0,0,0,1376115.03,0,0,0,0,0,0,0,0,0,0,0,0,0,0,0,0,0,0,0,0,0,0,0,0,0,0,0,0,0,0,0,0,0,0,0,0,0,0,1,0,0,0,1,0,0,0,0,0,0,1,0,1,1,0,0,0,1,1,0,0,0,1,0
Lissotriton italicus,1,DD,DD,0.98,DD,DD,DD,DD,DD,80.00,67.28,0,1,0,DD,DD,DD,DD,DD,DD,DD,DD,DD,0,1,0,0,1,1,0,1,0,0,1,DD,0,1,0,DD,DD,DD,DD,DD,DD,DD,DD,DD,DD,DD,1,0,0,25.00,400,1.50,DD,DD,0,0,1,1,0,0,1,0,0,0,0,0,0,0,0,0,0,DD,0,1,0,0,0,0,1,1,1,0,0,0,DD,0,0,0,0,1,1,0,1,1,0,0,0,DD,DD,DD,DD,1,0,0,0,1,0,DD,DD,DD,DD,182.00,DD,DD,DD,DD,DD,DD,0,0,0,0,0,0,0,0,0,0,0,0,0,0,0,0,0,0,0,0,0,0,0,0,0,0,0,0,0,1,0,0,0,0,0,0,0,0,0,0,0,0,0,0,0,0,0,0,0,0,0,0,0,0,0,0,1525,0,0,0,0,0,0,1,1,0,0,0,78459.35,0,0,0,0,0,0,0,0,0,0,0,0,0,0,0,0,0,0,0,0,0,0,0,0,0,0,0,0,0,0,0,0,0,0,0,0,0,0,0,1,0,0,1,0,0,0,0,0,1,0,0,1,1,0,0,0,1,1,0,0,0,1,0
Lissotriton montandoni,1,1.70,2.60,2.15,DD,38.79,45.04,41.91,75.00,100.00,83.85,0,1,0,DD,DD,DD,13.40,13.60,14.17,DD,DD,DD,0,1,0,0,1,1,0,1,0,0,DD,DD,0,0,1,DD,DD,DD,DD,DD,3.00,DD,DD,DD,DD,DD,1,0,0,30.00,250,DD,DD,DD,0,0,0,1,0,0,1,0,0,0,1,DD,0,0,0,0,0,DD,DD,DD,DD,DD,DD,DD,1,1,1,1,0,0,DD,0,0,0,0,1,1,0,1,1,0,0,0,DD,DD,DD,DD,1,0,0,0,1,0,DD,DD,DD,DD,DD,DD,DD,DD,DD,DD,DD,0,0,0,0,1,0,0,0,0,0,0,0,0,0,0,0,0,0,0,0,0,0,0,0,0,0,1,0,0,1,1,0,0,0,0,0,0,0,0,0,0,0,0,0,0,0,0,0,0,0,0,0,0,0,0,200,2000,1,0,0,0,0,0,1,0,0,0,0,149289.07,0,0,0,0,0,0,0,0,0,0,0,0,0,0,0,0,0,0,0,0,0,0,0,0,0,0,0,0,0,0,0,0,0,0,0,0,0,0,0,1,0,0,1,0,0,0,0,0,1,0,0,1,1,1,0,1,1,1,0,0,0,1,0
Lissotriton vulgaris,1,2.26,3.10,2.68,DD,39.98,41.38,40.68,72.00,76.00,84.23,0,1,0,DD,DD,DD,DD,DD,14.50,DD,DD,DD,0,1,0,0,1,1,0,1,0,0,0,1,0,0,1,0.50,0.80,DD,2.88,3.17,2.88,0,1,0,0,0,1,0,0,39.67,300,1.50,0.00,0,0,0,0,1,0,0,1,0,0,0,1,0,0,0,0,0,0,1,0,1,1,0,0,0,1,1,1,1,0,0,1.03,1,0,0,0,1,1,0,1,1,0,0,0,DD,1,1,0,1,0,0,0,1,0,1,1,0,DD,DD,DD,0,1,34.50,866.00,80.00,0,0,0,0,1,0,0,0,0,0,0,0,0,0,0,0,0,0,0,0,0,0,0,0,0,0,0,0,0,1,0,0,0,0,0,0,0,0,0,0,0,0,1,0,0,0,0,0,1,0,0,1,0,0,0,0,2150,1,1,0,1,1,1,1,1,0,1,1,10174105.74,0,0,0,1,0,0,0,0,0,0,0,0,0,0,0,0,0,0,0,0,0,0,0,0,0,0,0,0,0,0,0,0,0,0,0,0,0,0,1,0,0,0,1,0,0,0,0,0,0,1,0,1,1,1,0,1,1,1,0,0,0,1,0
Lithobates catesbeianus,1,467.80,403.00,307.23,26.31,134.74,135.53,135.14,105.30,113.20,135.14,1,0,0,66.33,65.56,65.95,186.83,190.56,188.98,55.17,58.44,56.81,1,0,0,0,1,1,0,1,0,1,0,0,0,0,1,DD,DD,0.14,1.50,2.50,1.50,0,1,0,0,0,0,1,0,95.00,25000,2.50,DD,1,0,0,0,0,0,1,0,0,1,1,0,0,0,0,0,0,0,DD,1,1,1,0,1,1,1,1,1,1,0,0,0.03,0,0,0,0,1,1,1,0,0,1,0,0,DD,DD,DD,1,0,1,0,0,0,0,1,1,0,158.41,1600.00,1.50,1,1,1083.93,4000.00,DD,0,0,0,0,0,0,0,0,0,0,0,0,0,0,0,0,0,0,0,0,0,0,0,0,0,0,1,0,0,1,1,0,0,0,0,0,0,0,0,0,0,0,0,0,0,0,0,0,0,0,0,0,0,0,0,DD,DD,1,0,0,1,0,0,1,1,0,0,0,DD,0,1,0,0,0,0,0,0,0,0,0,0,0,0,0,0,0,0,0,0,0,0,0,0,1,0,0,0,0,1,0,0,0,0,0,0,0,0,1,0,0,0,1,0,0,0,0,0,0,0,1,0,0,0,0,0,0,0,0,0,0,0,1
Lithobates sylvaticus,DD,11.20,17.60,14.40,DD,53.04,62.32,57.68,46.05,52.55,57.68,1,0,0,22.90,27.38,30.88,72.10,86.19,95.59,22.60,27.88,29.49,1,0,0,0,1,1,0,1,0,DD,DD,DD,DD,DD,DD,DD,DD,DD,1.00,2.00,1.00,DD,DD,DD,DD,DD,0,1,0,12.70,3000,2.06,DD,DD,0,0,0,1,1,0,1,1,0,0,DD,DD,0,0,0,0,0,DD,1,1,0,1,0,0,0,1,0,0,0,0,0.60,0,0,0,0,1,1,1,0,0,DD,DD,DD,64.55,DD,DD,0,DD,DD,DD,DD,DD,DD,1,1,0,1208.00,2530.00,DD,0,1,216.77,800.00,1.00,0,0,0,0,1,0,0,0,0,0,0,0,0,0,1,0,0,0,0,0,0,0,0,0,0,0,1,0,0,1,0,0,0,0,0,0,0,0,0,0,0,0,0,0,0,0,0,0,1,1,0,0,0,0,0,43,1100,0,0,0,0,0,0,0,0,0,0,0,DD,0,0,0,0,0,0,0,0,0,0,0,0,0,0,0,0,0,0,0,0,0,0,0,0,1,0,0,0,0,0,0,0,0,0,0,0,0,0,0,1,0,0,1,0,0,0,0,0,0,1,0,1,0,1,0,1,0,0,0,0,0,0,0
Lyciasalamandra helverseni,DD,DD,DD,DD,DD,DD,DD,DD,DD,DD,140.00,0,0,1,DD,DD,DD,DD,DD,DD,DD,DD,DD,0,1,0,0,0,0,0,1,0,0,DD,DD,0,1,0,DD,DD,DD,DD,DD,3.00,DD,DD,2,0,0,0,0,0,DD,2,DD,DD,DD,0,0,0,0,0,0,0,0,0,0,0,DD,0,0,0,0,0,DD,DD,DD,DD,DD,DD,DD,1,1,1,0,0,0,DD,DD,DD,DD,DD,DD,1,0,1,1,DD,DD,DD,DD,1,DD,DD,DD,DD,DD,DD,DD,DD,DD,DD,DD,DD,DD,DD,DD,DD,DD,DD,DD,DD,DD,DD,DD,DD,DD,DD,DD,DD,DD,DD,DD,DD,DD,DD,DD,DD,DD,DD,DD,DD,DD,DD,DD,DD,DD,DD,DD,DD,DD,DD,DD,DD,DD,DD,DD,DD,DD,DD,DD,DD,DD,DD,DD,DD,DD,DD,DD,DD,DD,DD,DD,DD,DD,DD,DD,DD,0,0,0,0,0,0,0,1,0,0,0,396.99,0,0,0,0,0,0,0,0,0,0,0,0,0,0,0,0,0,0,0,0,0,0,0,0,0,0,0,0,0,0,0,0,0,0,0,0,0,0,0,0,1,0,0,0,1,0,0,0,0,1,0,1,0,1,0,1,0,0,0,0,0,0,1
Lyciasalamandra luschani,1,DD,DD,2.00,2.00,62.83,61.34,62.08,126.00,129.00,118.65,0,0,1,DD,DD,DD,DD,DD,22.19,DD,DD,DD,0,1,0,0,0,0,0,1,0,0,1,0,0,0,1,0.79,DD,DD,DD,DD,3.00,DD,DD,2,0,0,0,0,0,DD,2,70.00,2.00,0,0,0,0,0,0,0,0,0,0,0,1,DD,0,0,0,0,0,DD,0,1,0,0,0,0,1,1,1,0,0,0,DD,0,0,0,0,1,1,0,1,1,DD,DD,DD,DD,1,DD,DD,1,0,0,0,0,0,DD,DD,DD,DD,DD,DD,DD,DD,DD,DD,DD,0,0,0,0,0,0,0,0,0,0,0,0,0,0,0,0,0,0,0,0,0,0,0,0,0,0,1,1,0,0,0,0,0,0,0,0,0,0,0,0,0,0,0,0,0,0,0,0,1,0,0,0,0,0,0,0,1000,0,0,0,0,0,0,0,1,0,0,0,730.98,0,0,0,0,0,0,0,0,0,0,0,0,0,0,0,0,0,0,0,0,0,0,0,0,0,0,0,0,0,0,0,0,0,0,0,0,0,0,0,0,1,0,0,0,1,0,0,0,0,1,0,1,0,1,0,1,0,0,0,0,0,1,0
Mesotriton alpestris,1,2.36,3.57,2.96,DD,45.59,53.84,49.72,92.00,120.00,95.06,0,1,0,DD,DD,DD,DD,DD,17.00,DD,DD,DD,0,1,0,0,0,0,0,1,0,0,1,0,0,0,1,0.70,0.72,DD,3.00,4.10,3.00,0,1,0,0,0,1,0,0,47.86,260,1.50,0.00,1,0,0,0,1,0,0,1,0,0,0,1,0,0,0,0,0,0,1,1,1,1,0,0,0,1,1,1,1,0,0,DD,1,0,0,0,1,1,0,1,1,DD,DD,DD,DD,1,1,1,0,0,0,0,1,1,1,1,0,DD,1500.00,DD,1,0,200.00,1000.00,105.00,0,0,0,0,0,0,0,0,0,0,0,0,0,0,0,0,0,0,0,0,0,0,0,0,0,0,0,0,0,1,0,0,0,0,0,0,0,0,0,0,0,0,0,0,0,0,0,0,0,0,0,0,0,0,0,0,2500,1,0,0,1,0,0,1,1,0,1,0,1642680.84,0,0,0,0,0,0,0,0,0,0,0,0,0,0,0,0,0,0,0,0,0,0,0,0,0,0,0,0,0,0,0,0,0,0,0,0,0,0,1,0,0,0,1,0,0,0,0,0,1,0,0,1,1,1,0,1,1,1,1,0,0,1,0
Pelobates cultripes,1,33.11,40.04,21.60,DD,65.90,70.18,68.04,70.00,80.00,68.04,1,0,0,DD,DD,DD,89.30,88.00,88.65,24.60,24.30,24.50,1,0,0,0,1,1,0,1,0,1 (5mm),1,0,0,1,0,DD,DD,DD,DD,DD,3.00,DD,DD,0,0,0,0,0,1,30.45,2500,2.00,DD,1,0,0,1,1,1,0,1,1,0,0,1,0,0,0,0,0,0,DD,0,0,1,1,1,1,1,1,1,0,0,0,DD,0,0,0,0,1,1,1,0,0,DD,DD,DD,DD,DD,DD,DD,1,1,1,0,1,0,0,1,0,DD,DD,DD,DD,DD,DD,DD,DD,0,0,0,0,0,0,0,0,0,0,0,0,0,0,1,0,0,0,0,0,0,0,1,0,0,0,0,0,0,1,0,0,0,1,0,0,0,0,0,0,0,0,0,0,0,0,0,0,0,0,0,0,0,0,1,0,1800,0,0,0,1,0,0,0,1,0,0,0,518773.06,0,0,0,0,0,0,0,0,0,0,0,0,0,0,0,0,0,0,0,0,0,0,0,0,0,0,0,0,0,0,0,0,0,0,0,0,0,0,0,1,0,0,0,1,0,0,0,0,1,0,0,1,1,0,1,0,1,1,1,0,0,1,0
Pelobates fuscus,1,13.20,29.40,21.30,DD,48.91,57.13,53.02,45.87,53.89,53.02,1,0,0,DD,DD,DD,74.00,82.00,78.00,20.00,23.00,21.50,1,0,0,0,1,1,0,1,0,1 (6mm),1,0,0,1,0,0.34,0.42,DD,DD,DD,1.50,1,1,0,0,0,0,0,1,40.00,2500,2.00,DD,0,0,0,1,1,1,0,1,1,0,0,1,0,0,0,0,0,0,1,0,0,0,0,1,0,1,1,1,0,0,0,DD,0,0,0,0,1,1,1,0,0,0,0,0,DD,0,1,0,1,1,1,0,1,0,0,1,0,DD,DD,DD,0,1,17.90,500.00,0.20,0,0,0,0,0,0,0,0,0,0,0,0,0,0,0,0,0,0,0,0,0,0,1,0,0,0,0,0,0,1,0,0,0,0,0,0,0,0,0,0,0,0,0,0,0,0,0,0,1,0,0,1,0,0,1,0,675,0,0,0,1,1,1,1,0,0,1,1,5775803.78,0,0,0,1,0,0,0,0,0,0,0,0,0,0,0,0,0,0,0,0,0,0,0,0,0,0,0,0,0,0,0,0,0,0,0,0,0,0,1,0,0,0,1,0,0,0,0,0,1,0,0,1,1,1,1,1,1,1,0,0,0,1,0
Pelobates syriacus,1,DD,DD,DD,DD,DD,DD,90.00,DD,DD,90.00,1,0,0,DD,DD,DD,DD,DD,DD,DD,DD,DD,1,0,0,0,1,1,0,1,0,1,1,0,0,0,1,DD,DD,DD,2.00,3.00,2.00,DD,DD,0,0,0,0,0,1,25.00,4000,1.70,DD,1,0,0,1,1,1,0,1,1,0,0,1,0,0,0,0,0,0,DD,0,0,0,0,1,1,1,1,1,0,0,0,DD,0,0,0,0,1,1,1,0,0,DD,DD,DD,DD,DD,DD,DD,1,1,1,0,1,0,DD,DD,DD,DD,DD,DD,DD,DD,DD,DD,DD,0,0,0,0,0,0,0,0,0,0,0,0,0,0,0,0,0,0,0,0,0,0,0,0,0,0,0,0,0,1,0,0,0,1,0,0,0,0,0,0,0,0,0,0,0,0,0,0,0,0,0,0,0,0,0,0,500,0,1,0,0,1,0,1,1,0,0,0,533761.48,0,1,0,0,0,0,0,0,0,0,0,0,0,0,0,0,0,0,0,0,0,0,0,0,0,0,0,0,0,0,0,0,0,0,0,0,0,0,1,0,0,0,1,0,0,0,0,0,1,0,0,1,0,0,0,0,0,0,1,0,0,1,0
Pelodytes ibericus,DD,3.56,4.87,3.98,DD,35.17,40.72,37.95,DD,DD,37.95,1,0,0,DD,DD,DD,DD,DD,55.85,DD,DD,14.84,1,0,0,0,1,1,0,1,0,1,DD,DD,0,0,1,DD,DD,DD,DD,DD,1.00,DD,DD,DD,DD,DD,0,1,0,20.00,350,1.45,0.98,DD,0,0,1,1,1,0,1,1,0,0,1,DD,0,0,0,0,0,DD,0,0,0,0,1,1,1,1,1,0,0,0,DD,1,0,0,0,1,1,1,0,0,DD,DD,DD,DD,DD,DD,DD,1,1,1,0,0,0,DD,DD,DD,DD,DD,DD,DD,DD,DD,DD,DD,0,0,0,0,0,0,0,0,0,0,0,0,0,0,0,0,0,0,0,0,0,0,0,0,0,0,0,0,0,1,0,0,0,1,0,0,0,0,0,0,0,0,0,0,0,0,0,0,0,0,0,0,0,0,0,0,900,0,0,0,0,0,0,0,1,0,0,0,105069.28,0,0,0,0,0,0,0,0,0,0,0,0,0,0,0,0,0,0,0,0,0,0,0,0,0,0,0,0,0,0,0,0,0,0,0,0,0,0,0,1,0,0,1,0,0,0,0,0,0,1,0,1,1,0,0,0,0,0,0,0,0,1,0
Pelodytes punctatus,1,DD,DD,3.03,0.40,36.67,43.31,45.88,36.32,43.31,45.88,1,0,0,DD,DD,41.43,DD,DD,63.67,16.00,18.00,17.67,1,0,0,0,1,1,0,1,0,1,1,0,0,1,0,DD,DD,0.61,DD,DD,1.00,DD,DD,0,0,0,0,0,1,20.00,1500,2.00,DD,1,0,0,1,1,1,0,1,1,0,0,1,0,0,0,0,0,0,DD,0,1,0,0,1,0,1,1,1,0,0,0,DD,0,0,0,0,1,1,1,0,0,DD,DD,DD,DD,DD,DD,DD,0,1,0,1,1,0,DD,DD,DD,DD,DD,DD,DD,DD,DD,DD,DD,0,0,0,0,0,0,0,0,0,0,0,0,0,0,0,0,0,0,0,0,0,0,1,0,0,0,1,0,0,1,0,0,0,0,0,0,0,0,0,0,0,0,1,0,0,0,0,0,1,0,0,0,1,0,0,0,1500,0,0,0,1,0,0,1,1,0,0,0,850488.94,0,0,0,0,0,0,0,0,0,0,0,0,0,0,0,0,0,0,0,0,0,0,0,0,0,0,0,0,0,0,0,0,0,0,0,0,0,0,1,0,0,0,1,0,0,0,0,0,1,0,0,1,1,0,0,0,0,0,1,0,0,1,0
Pelophylax bedriagae,1,DD,DD,DD,DD,58.80,61.70,60.25,DD,DD,60.25,1,0,0,28.60,29.90,29.25,DD,DD,DD,26.40,27.80,27.10,1,0,0,0,1,1,0,1,0,DD,DD,DD,1,0,0,DD,DD,DD,2.00,3.00,2.00,DD,DD,DD,DD,DD,0,1,0,DD,10000,DD,DD,DD,0,0,1,1,1,0,1,1,0,0,0,DD,0,0,0,0,0,DD,DD,DD,DD,DD,DD,DD,1,1,1,1,0,0,DD,0,0,0,0,1,1,1,0,0,DD,DD,DD,DD,DD,DD,DD,DD,DD,DD,DD,DD,DD,DD,DD,DD,DD,DD,DD,DD,DD,DD,DD,DD,0,0,0,0,0,0,0,0,0,0,0,0,0,0,0,0,0,0,0,0,0,0,0,0,0,0,0,0,0,1,0,0,0,0,0,0,0,0,0,0,0,0,0,0,0,0,0,0,0,0,0,0,0,0,0,DD,DD,0,0,0,0,0,0,0,1,0,0,0,286870.40,0,1,0,0,0,0,0,0,0,0,0,0,0,1,0,0,0,0,0,0,0,0,0,0,0,0,0,0,0,0,0,0,0,0,0,0,0,0,1,0,0,0,1,0,0,0,0,0,1,0,0,1,0,1,0,1,1,1,0,0,0,1,0
Pelophylax bergeri,1,DD,DD,DD,DD,50.00,57.50,53.75,DD,DD,53.75,1,0,0,DD,DD,DD,DD,DD,DD,DD,DD,DD,1,0,0,0,1,1,0,1,0,1,1,0,0,1,0,DD,DD,DD,DD,DD,DD,DD,DD,DD,DD,DD,0,1,0,25.00,3000,7.00,DD,DD,0,0,0,1,1,0,1,1,0,0,DD,0,0,0,0,0,0,DD,0,1,0,0,0,0,1,1,1,0,0,0,DD,0,0,0,0,1,1,1,0,0,DD,DD,DD,DD,DD,DD,DD,DD,DD,DD,DD,1,DD,DD,DD,DD,DD,DD,DD,DD,DD,DD,DD,DD,0,0,0,0,0,0,0,0,0,0,0,0,0,0,0,0,0,0,0,0,0,0,0,0,0,0,1,0,0,1,0,0,1,0,0,0,0,0,0,0,0,0,0,0,0,0,0,0,0,0,0,0,0,0,0,DD,DD,1,0,0,0,0,0,1,1,0,0,0,189930.77,0,0,0,0,0,0,0,0,0,0,0,0,0,0,0,0,0,0,0,0,0,0,0,0,0,0,0,0,0,0,0,0,0,0,0,0,0,0,0,1,0,0,1,0,0,0,0,0,1,0,0,1,0,1,0,1,0,0,0,0,1,1,0
Pelophylax cerigensis,DD,DD,DD,DD,DD,DD,DD,62.25,DD,DD,62.25,1,0,0,DD,DD,DD,DD,DD,DD,DD,DD,29.46,1,0,0,0,1,1,0,1,0,1,DD,DD,DD,DD,DD,DD,DD,DD,DD,DD,DD,DD,DD,DD,DD,DD,0,1,0,DD,15000,DD,DD,DD,0,0,0,1,1,0,1,1,0,0,DD,DD,0,0,0,0,0,DD,DD,DD,DD,DD,DD,DD,DD,DD,DD,DD,DD,DD,DD,0,0,0,0,1,1,1,0,0,DD,DD,DD,DD,DD,DD,DD,DD,DD,DD,DD,DD,DD,DD,DD,DD,DD,DD,DD,DD,DD,DD,DD,DD,0,0,0,0,0,0,0,0,0,0,0,0,0,0,0,0,0,0,0,0,0,0,0,0,0,0,0,0,0,1,0,0,0,0,0,0,0,0,0,0,0,0,0,0,0,0,0,0,0,0,0,0,0,0,0,DD,DD,0,0,0,0,0,0,0,1,0,0,0,1004.36,0,0,0,0,0,0,0,0,0,0,0,0,0,0,0,0,0,0,0,0,0,0,0,0,0,0,0,0,0,0,0,0,0,0,0,0,0,0,0,0,1,0,0,0,0,0,1,0,1,0,0,1,0,0,0,0,1,1,1,0,0,1,0
Pelophylax cretensis,DD,DD,DD,DD,DD,DD,DD,72.30,DD,DD,72.30,1,0,0,DD,DD,DD,DD,DD,DD,DD,DD,32.79,1,0,0,0,1,1,0,1,0,1,DD,DD,DD,DD,DD,DD,DD,DD,DD,DD,DD,DD,DD,DD,DD,DD,0,1,0,DD,15000,DD,DD,DD,0,0,0,1,1,0,1,1,0,0,DD,DD,0,0,0,0,0,DD,DD,DD,DD,DD,DD,DD,DD,DD,DD,DD,DD,DD,DD,0,0,0,0,1,1,1,0,0,DD,DD,DD,DD,DD,DD,DD,DD,DD,DD,DD,DD,DD,DD,DD,DD,DD,DD,DD,DD,DD,DD,DD,DD,0,0,0,0,0,0,0,0,0,0,0,0,0,0,0,0,0,0,0,0,0,0,0,0,0,0,0,0,0,1,0,0,0,0,0,0,0,0,0,0,0,0,0,0,0,0,0,0,0,0,0,0,0,0,0,DD,DD,0,0,0,0,0,0,0,1,0,0,0,2512.76,0,0,0,0,0,0,0,0,0,0,0,0,0,0,0,0,0,0,0,0,0,0,0,0,0,0,0,0,0,0,0,0,0,0,0,0,0,0,0,0,1,0,0,0,0,1,0,0,1,0,0,1,1,0,0,0,0,0,0,0,0,1,0
Pelophylax epeiroticus,1,38.57,59.02,48.80,DD,72.42,83.98,78.20,74.40,83.00,78.20,1,0,0,DD,DD,DD,DD,DD,DD,DD,DD,DD,1,0,0,0,1,1,0,1,0,1,1,DD,DD,DD,DD,DD,DD,DD,DD,DD,1.00,DD,DD,DD,DD,DD,0,1,0,DD,2575,1.46,DD,DD,0,0,0,1,1,0,1,1,0,0,DD,DD,0,0,0,0,0,DD,DD,DD,DD,DD,DD,DD,DD,DD,DD,DD,DD,DD,DD,0,0,0,0,1,1,1,0,0,1,0,0,DD,DD,DD,DD,1,1,DD,DD,DD,DD,DD,DD,DD,DD,DD,DD,DD,DD,DD,DD,DD,0,0,0,0,0,0,0,0,0,0,0,0,0,0,0,0,0,0,0,0,0,0,1,0,0,0,1,0,0,1,1,0,0,0,0,0,0,0,0,0,0,0,0,0,0,0,0,0,0,0,0,0,0,0,0,0,480,0,0,0,0,0,0,0,1,0,0,0,11224.31,0,0,0,0,0,0,0,0,0,0,0,0,0,0,0,0,0,0,0,0,0,0,0,0,0,0,0,0,0,0,0,0,0,0,0,0,0,0,0,0,1,0,0,0,1,0,0,0,1,0,0,1,0,1,0,1,1,1,0,0,0,1,0
Pelophylax esculentus,1,DD,DD,36.90,1.30,79.71,97.88,88.79,DD,DD,88.79,1,0,0,40.25,50.25,5.38,125.50,159.50,142.75,39.00,50.00,44.50,1,0,0,0,1,1,0,1,0,1 (4.44 mm),1,0,0,1,0,0.62,DD,DD,DD,DD,3.00,0,1,0,0,0,0,1,0,27.33,10000,2.50,DD,1,0,0,0,1,1,0,1,1,0,0,0,0,0,0,0,0,0,1,0,0,0,0,1,1,1,1,1,0,0,0,0.09,0,0,0,0,1,1,1,0,0,1,0,0,DD,1,1,0,0,0,0,0,1,0,1,1,0,DD,78.00,330.00,0,1,DD,15000.00,DD,0,0,0,0,0,0,0,0,0,0,0,0,0,0,0,0,0,0,0,0,0,0,0,0,0,0,1,0,0,1,1,0,0,0,0,0,0,0,0,0,0,0,0,0,0,0,0,0,0,0,0,0,0,0,0,0,1550,1,0,0,1,1,1,1,1,0,1,1,3612739.16,0,0,0,1,0,0,0,0,0,0,0,0,0,0,0,0,0,0,0,0,0,0,0,0,0,0,0,0,0,0,0,0,0,0,0,0,0,0,1,0,0,0,1,0,0,0,0,0,1,0,0,1,0,1,0,1,1,1,0,0,1,0,0
Pelophylax grafi,1,DD,DD,DD,DD,DD,DD,92.50,DD,DD,92.50,1,0,0,DD,DD,DD,DD,DD,DD,DD,DD,DD,1,0,0,0,1,1,0,1,0,1,1,0,0,0,1,DD,DD,DD,DD,DD,DD,DD,DD,DD,DD,DD,0,1,0,DD,10000,DD,DD,DD,0,0,1,1,1,0,1,1,0,0,0,0,0,0,0,0,0,DD,0,1,0,0,0,0,0,1,0,0,0,0,DD,0,0,0,0,1,1,1,0,0,DD,DD,DD,DD,DD,DD,DD,DD,DD,DD,DD,DD,DD,DD,DD,DD,DD,DD,DD,DD,DD,DD,DD,DD,0,0,0,0,0,0,0,0,0,0,0,0,0,0,0,0,0,0,0,0,0,0,0,0,0,0,1,1,0,1,1,1,1,1,0,0,0,0,1,1,1,0,0,0,0,0,0,0,0,0,0,0,0,0,0,DD,DD,0,0,0,1,0,0,0,1,0,0,0,99972.47,0,0,0,0,0,0,0,0,0,0,0,0,0,0,0,0,0,0,0,0,0,0,0,0,0,0,0,0,0,0,0,0,0,0,0,0,0,0,0,1,0,0,0,1,0,0,0,0,1,0,0,1,1,0,0,0,1,1,0,0,0,1,0
Pelophylax hispanicus,1,DD,DD,DD,DD,DD,DD,100.00,DD,DD,100.00,1,0,0,DD,DD,DD,DD,DD,DD,DD,DD,DD,1,0,0,0,1,1,0,1,0,1,1,DD,DD,DD,DD,DD,DD,DD,DD,DD,DD,DD,DD,DD,DD,DD,0,1,0,DD,10000,DD,DD,DD,0,0,1,1,1,0,1,1,0,0,0,DD,0,0,0,0,0,DD,DD,DD,DD,DD,DD,DD,DD,DD,DD,DD,DD,DD,DD,0,0,0,0,1,1,1,0,0,DD,DD,DD,DD,1,DD,DD,DD,DD,DD,DD,DD,DD,DD,DD,DD,DD,DD,DD,DD,DD,DD,DD,DD,DD,DD,DD,DD,DD,DD,DD,DD,DD,DD,DD,DD,DD,DD,DD,DD,DD,DD,DD,DD,DD,DD,DD,DD,DD,DD,DD,DD,DD,DD,DD,DD,DD,DD,DD,DD,DD,DD,DD,DD,DD,DD,DD,DD,DD,DD,DD,DD,DD,DD,DD,DD,DD,DD,DD,DD,DD,1,0,0,0,0,0,1,1,0,0,0,179128.18,0,0,0,0,0,0,0,0,0,0,0,0,0,0,0,0,0,0,0,0,0,0,0,0,0,0,0,0,0,0,0,0,0,0,0,0,0,0,0,1,0,0,1,0,0,0,0,0,0,1,0,1,1,1,0,1,0,0,0,0,1,1,0
Pelophylax kurtmuelleri,1,DD,DD,DD,DD,DD,DD,100.00,DD,DD,100.00,1,0,0,DD,DD,DD,DD,DD,DD,DD,DD,DD,1,0,0,0,1,1,0,1,0,1,DD,DD,DD,DD,DD,DD,DD,DD,2.00,3.00,2.00,DD,DD,DD,DD,DD,0,1,0,DD,10000,DD,DD,DD,0,0,1,1,1,0,1,1,0,0,0,DD,0,0,0,0,0,DD,DD,DD,DD,DD,DD,DD,DD,DD,DD,DD,DD,DD,DD,0,0,0,0,1,1,1,0,0,DD,DD,DD,DD,DD,DD,DD,DD,DD,DD,DD,DD,DD,DD,DD,DD,DD,DD,DD,DD,DD,DD,DD,DD,0,0,0,0,0,0,0,0,0,0,0,0,0,0,0,0,0,0,0,0,0,0,0,0,0,0,0,0,0,1,0,0,0,0,0,0,0,0,0,0,0,0,0,0,0,0,0,0,0,0,0,0,0,0,0,0,1000,0,0,0,0,0,0,0,1,0,0,0,142798.11,0,0,0,0,0,0,0,0,0,0,0,0,0,0,0,0,0,0,0,0,0,0,0,0,0,0,0,0,0,0,0,0,0,0,0,0,0,0,0,0,1,0,1,0,0,0,0,0,0,1,0,1,1,1,0,1,1,1,0,0,0,1,0
Pelophylax lessonae,1,17.05,19.93,30.80,1.34,54.45,60.25,57.35,DD,DD,57.35,1,0,0,29.67,33.75,31.71,85.33,96.25,90.79,24.00,27.50,27.07,1,0,0,0,1,1,0,1,0,1 (4.125 mm),1,0,0,0,1,0.78,DD,DD,DD,DD,3.00,1,1,0,0,0,0,1,0,25.00,4000,2.00,DD,1,0,0,1,1,1,0,1,1,0,0,0,0,0,0,0,0,0,1,0,1,0,0,1,1,1,1,1,0,0,0,DD,0,0,0,0,1,1,1,0,0,1,0,0,DD,1,1,0,0,0,0,0,1,0,0,1,0,270.00,78.00,330.00,1,0,DD,15000.00,DD,0,0,0,0,0,0,0,0,0,0,0,0,0,0,0,0,0,0,0,0,0,0,0,0,0,0,0,0,0,1,1,0,0,0,0,0,0,0,0,0,0,0,0,0,0,0,0,0,0,0,0,0,0,0,0,0,1550,0,0,1,1,1,1,1,1,0,1,1,4268477.55,0,0,0,1,0,0,0,0,0,0,0,0,0,0,0,0,0,0,0,0,0,0,0,0,0,0,0,0,0,0,0,0,0,0,0,0,0,0,1,0,0,0,1,0,0,0,0,0,1,0,0,1,1,1,0,1,1,1,0,0,1,1,0
Pelophylax perezi,1,DD,DD,21.56,DD,50.33,61.60,55.96,52.00,65.60,55.96,1,0,0,DD,DD,DD,DD,DD,DD,DD,DD,DD,1,0,0,0,1,1,0,1,0,1,1,0,0,0,1,DD,DD,DD,2.00,3.00,2.00,DD,DD,0,0,0,0,1,0,27.30,10000,2.00,DD,DD,0,0,1,1,1,0,1,1,0,0,0,0,0,0,0,0,0,DD,0,0,0,0,1,1,1,1,1,0,0,0,DD,0,0,0,0,1,1,1,0,0,DD,DD,DD,DD,DD,DD,DD,DD,DD,DD,DD,DD,DD,1,1,0,DD,DD,DD,0,1,DD,DD,DD,0,0,0,0,0,0,0,0,0,0,0,0,0,0,0,0,0,0,0,0,0,0,0,0,0,0,1,1,0,1,1,1,1,1,0,0,0,0,1,1,1,0,0,0,0,0,0,0,0,0,0,0,0,0,0,0,2380,0,0,0,1,0,0,0,1,1,0,0,692502.29,0,0,0,0,0,0,0,0,0,0,0,0,0,0,0,0,0,0,0,0,0,0,0,0,0,0,0,0,0,0,0,0,0,0,0,0,0,0,0,1,0,0,1,0,0,0,0,0,0,1,0,1,1,1,0,1,1,1,0,0,1,1,0
Pelophylax ridibundus,1,29.44,41.61,35.53,DD,72.24,87.88,80.06,DD,DD,80.06,1,0,0,29.67,33.75,DD,85.30,96.25,142.75,24.00,27.50,42.53,1,0,0,0,1,1,0,1,0,1 (4.36 mm),1,0,0,0,1,0.70,DD,DD,2.00,3.00,2.00,0,1,0,0,0,0,1,0,23.13,16000,2.00,0.01,1,0,0,1,1,1,0,1,1,0,0,0,0,0,0,0,0,0,1,0,0,0,0,1,1,1,1,1,1,0,0,0.18,0,0,0,0,1,1,1,0,0,1,0,0,4.25,1,1,0,0,1,0,0,0,0,0,1,0,DD,78.00,78.00,1,0,DD,DD,DD,0,0,0,0,0,0,0,0,0,0,0,0,0,0,0,0,0,0,0,0,0,0,0,0,0,0,1,0,0,1,1,0,0,0,0,0,0,0,0,0,0,0,0,0,0,0,0,0,0,0,0,0,0,0,0,0,2000,1,1,0,1,1,1,1,1,0,1,1,10963258.90,0,0,0,1,0,0,0,0,0,0,0,0,0,0,0,0,0,0,0,0,0,0,0,0,0,0,0,0,0,0,0,0,0,0,0,0,0,0,1,0,0,0,1,0,0,0,0,0,0,0,1,1,0,1,0,1,1,1,0,0,0,1,0
Pelophylax shqipericus,1,DD,DD,DD,DD,70.60,73.80,72.20,70.60,73.80,72.20,1,0,0,DD,DD,DD,DD,DD,DD,DD,DD,DD,1,0,0,0,DD,DD,DD,1,0,1,1,DD,DD,DD,DD,DD,DD,DD,DD,DD,DD,DD,DD,DD,DD,DD,DD,DD,DD,DD,3000,DD,DD,DD,0,0,1,1,1,0,1,1,0,0,DD,DD,DD,DD,DD,DD,DD,DD,DD,DD,DD,DD,DD,DD,DD,DD,DD,DD,DD,DD,DD,DD,DD,DD,DD,DD,1,1,0,0,DD,DD,DD,DD,DD,DD,DD,DD,DD,DD,DD,DD,DD,DD,DD,DD,DD,DD,DD,DD,DD,DD,DD,DD,0,0,0,0,0,0,0,0,0,0,0,0,0,0,0,0,0,0,0,0,0,0,1,0,0,0,0,0,0,1,1,0,0,0,0,0,0,0,0,0,0,0,0,0,0,0,0,0,0,0,0,0,0,0,0,0,500,0,0,0,0,0,0,0,1,0,0,0,4976.90,0,0,0,0,0,0,0,0,0,0,0,0,0,0,0,0,0,0,0,0,0,0,0,0,0,0,0,0,0,0,0,0,0,0,0,0,0,0,0,0,1,0,0,0,0,1,0,0,1,0,0,1,1,1,0,1,1,1,0,0,0,1,0
Pleurodeles waltl,1,25.80,24.60,25.20,DD,87.40,82.25,84.83,78.22,142.00,218.30,0,0,1,DD,DD,DD,40.00,DD,33.50,DD,DD,DD,0,1,0,0,0,0,0,1,0,0,0,0,0,1,0,DD,DD,DD,DD,DD,1.50,DD,DD,0,0,0,0,1,0,49.38,1400,2.00,DD,DD,0,0,0,1,1,0,1,1,0,0,0,0,0,0,0,0,0,DD,1,1,1,0,0,0,1,1,1,0,0,0,DD,1,0,0,0,0,1,0,1,0,DD,DD,DD,DD,DD,DD,0,0,0,0,0,1,0,DD,DD,DD,DD,200.00,DD,DD,DD,DD,DD,DD,0,0,0,0,1,0,0,0,0,0,0,0,0,0,0,0,0,0,0,0,0,0,0,0,0,0,1,0,0,1,0,0,0,0,0,0,0,0,0,0,0,0,0,0,0,0,0,0,1,0,0,0,0,0,0,0,1500,0,0,0,0,0,0,0,1,0,0,0,391985.73,0,0,0,0,0,0,0,0,0,0,0,0,0,0,1,0,0,0,0,0,0,0,0,0,0,0,0,0,0,0,0,0,0,0,0,0,0,0,0,1,0,0,0,1,0,0,0,0,1,0,0,1,1,0,1,0,1,1,0,0,0,1,0
Proteus anguinus,1,DD,DD,13.20,3.65,DD,DD,169.90,DD,DD,257.00,0,0,1,DD,DD,DD,DD,DD,17.60,DD,DD,DD,0,1,0,0,0,0,0,0,1,0,0,0,0,0,1,DD,DD,DD,11.00,15.00,7.00,DD,DD,0,0,0,1,0,0,38.00,70,5.00,0.00,0,1,0,0,0,0,0,0,0,0,0,0,1,0,0,1,1,0,DD,0,1,0,1,0,0,1,1,1,0,0,0,DD,0,0,0,0,1,1,0,1,1,1,0,0,DD,1,DD,0,0,0,0,0,1,0,DD,DD,DD,DD,DD,DD,DD,DD,DD,DD,DD,0,0,0,0,0,0,0,0,0,0,0,0,0,0,0,0,0,0,0,0,0,0,0,0,0,0,0,0,0,0,0,0,0,0,0,0,0,0,0,0,0,0,0,1,1,0,0,0,0,0,0,0,0,0,0,DD,DD,1,0,0,0,0,0,0,1,0,0,0,40145.87,0,0,0,0,0,0,0,0,0,0,0,0,0,0,0,0,0,0,0,0,0,0,0,0,0,0,0,0,0,0,0,0,0,0,0,0,0,0,0,1,0,0,0,0,1,0,0,0,1,0,0,1,0,1,0,1,1,1,0,0,0,1,0
Pseudepidalea viridis,1,33.00,40.73,33.18,DD,69.95,78.77,74.36,DD,DD,74.36,1,0,0,31.14,31.56,30.53,93.75,91.75,92.75,24.98,24.55,24.46,1,0,0,0,1,1,0,1,0,1,1,0,0,0,1,DD,DD,DD,DD,DD,3.00,0,1,0,0,0,0,0,1,18.50,15000,1.60,0.57,0,0,0,0,1,1,0,1,1,0,0,1,0,0,0,0,0,0,1,0,0,0,0,1,1,1,1,1,1,0,0,0.14,1,0,0,0,1,1,1,0,0,1,0,0,DD,1,1,DD,0,1,0,1,0,0,1,1,0,DD,DD,DD,0,1,DD,10000.00,DD,0,0,0,0,0,0,0,0,0,0,0,0,0,0,0,0,0,0,0,0,0,0,1,0,0,0,0,0,0,1,0,0,0,1,0,0,0,0,0,0,0,0,0,0,0,0,0,0,1,0,0,1,1,0,1,0,4500,1,0,0,0,1,1,1,1,0,1,1,11678963.58,0,0,0,1,0,0,0,0,0,0,0,0,0,0,0,0,0,0,0,0,0,0,0,0,0,0,0,0,0,0,0,0,0,0,0,0,0,0,1,0,0,0,1,0,0,0,0,0,1,0,0,1,0,0,1,0,1,1,0,0,0,1,0
Rana arvalis,1,DD,DD,10.80,3.16,57.89,56.48,#DIV/0!,DD,DD,57.19,1,0,0,37.25,33.50,34.13,111.25,91.00,101.13,34.00,27.75,30.88,1,0,0,0,1,1,0,1,0,1 (3.625 mm),1,0,0,0,1,DD,DD,DD,DD,DD,3.00,1,1,0,0,0,0,1,0,16.25,3000,2.50,DD,DD,0,0,0,0,1,0,0,1,0,0,1,0,0,0,0,0,0,1,0,0,0,0,1,0,1,1,1,0,0,0,0.14,0,0,0,0,1,1,1,0,1,DD,DD,DD,100.00,1,1,0,0,1,0,0,0,0,1,1,0,DD,DD,DD,1,0,8.50,1001.00,436.00,0,0,0,0,1,0,0,0,0,0,0,0,0,0,0,0,0,0,0,0,0,0,1,0,0,0,1,0,0,1,1,0,0,0,0,0,0,0,0,0,0,0,0,0,0,0,0,0,1,1,0,0,0,0,0,0,800,0,0,0,1,0,1,1,0,0,1,1,14823366.52,0,0,0,0,1,0,0,0,0,0,0,0,0,0,0,0,0,0,0,0,0,0,0,0,0,0,0,0,0,0,0,0,0,0,0,0,0,0,1,0,0,0,1,0,0,0,0,0,0,1,0,1,1,0,0,0,1,1,0,0,0,1,0
Rana dalmatina,1,10.08,31.90,20.99,0.43,49.17,64.57,56.87,55.65,64.90,56.87,1,0,0,31.75,38.50,35.13,101.25,125.25,113.25,33.25,42.00,37.63,1,0,0,0,1,1,0,1,0,1 (3 mm),1,0,0,0,1,DD,DD,DD,DD,DD,3.00,1,0,0,0,0,0,1,0,19.00,1800,2.00,0.01,1,0,0,0,0,0,1,0,0,1,0,1,0,0,0,0,0,0,0,0,0,0,0,1,0,1,1,1,0,0,0,DD,0,0,0,0,1,1,1,0,0,1,0,0,90.00,0,1,0,0,1,0,0,1,0,0,1,0,DD,DD,DD,1,0,194.20,1700.00,26.00,0,0,0,0,1,0,0,0,0,0,0,0,0,0,1,0,0,0,0,0,0,0,1,0,0,0,0,0,0,1,0,0,0,0,0,0,0,0,0,0,0,0,0,0,0,0,0,0,0,0,0,0,0,0,0,0,1720,1,0,0,1,1,0,1,1,0,1,1,2119626.51,0,1,0,0,0,0,0,0,0,0,0,0,0,0,0,0,0,0,0,0,0,0,0,0,0,0,0,0,0,0,0,0,0,0,0,0,0,0,1,0,0,0,1,0,0,0,0,0,1,0,0,1,0,0,1,0,1,1,0,0,0,1,0
Rana graeca,1,DD,DD,DD,DD,51.75,58.00,54.88,DD,DD,54.88,1,0,0,29.50,29.50,29.50,98.50,99.00,98.75,33.00,29.50,32.25,1,0,0,0,1,1,0,1,0,1 (2.92 mm),0,DD,0,0,1,DD,DD,DD,DD,DD,3.00,DD,DD,0,0,0,0,1,0,DD,800,3.50,DD,DD,0,0,0,1,0,0,1,0,0,0,1,1,0,0,1,1,0,DD,0,0,0,0,1,0,1,1,1,0,0,0,DD,0,0,0,0,1,1,1,0,0,DD,DD,DD,DD,0,DD,DD,0,1,0,0,1,0,DD,DD,DD,DD,6.00,DD,DD,DD,115.60,520.00,25.00,0,0,0,0,1,0,0,0,0,0,0,0,0,0,0,0,0,0,0,0,0,0,0,0,0,0,1,0,0,1,0,0,0,0,0,0,0,0,0,0,0,0,0,0,1,0,0,0,0,0,0,0,0,0,0,70,1960,1,0,0,0,0,0,1,1,0,0,0,252799.26,0,0,0,0,0,0,0,0,0,0,0,0,0,0,0,0,0,0,0,0,0,0,0,0,0,0,0,0,0,0,0,0,0,0,0,0,0,0,0,1,0,0,1,0,0,0,0,0,0,1,0,1,0,0,0,0,1,1,1,0,0,1,0
Rana iberica,1,4.65,7.40,6.03,DD,37.71,45.09,41.40,39.13,46.14,41.40,1,0,0,25.00,28.50,26.75,76.00,92.00,84.00,24.00,29.50,26.75,1,0,0,0,1,1,0,1,0,1 (2.125 mm),1,DD,0,0,1,DD,DD,DD,DD,DD,DD,DD,DD,0,0,0,0,1,0,13.00,450,0.40,DD,DD,0,0,0,1,1,0,1,1,0,0,0,0,0,0,0,0,0,DD,0,0,0,0,1,0,1,1,1,0,0,0,DD,0,0,0,0,1,1,1,0,0,DD,DD,DD,DD,DD,DD,DD,0,1,0,0,1,0,DD,DD,DD,DD,DD,DD,DD,DD,DD,460.00,DD,0,0,0,0,1,0,0,0,0,0,0,0,0,0,1,0,0,0,0,0,0,0,1,0,0,0,1,0,0,1,0,0,0,0,0,0,0,0,0,0,0,0,0,0,0,0,0,0,0,0,0,0,0,0,0,0,2200,0,0,0,1,0,0,0,1,0,0,0,108833.25,0,0,0,0,0,0,0,0,0,0,0,0,0,0,0,0,0,0,0,0,0,0,0,0,0,0,0,0,0,0,0,0,0,0,0,0,0,0,0,1,0,0,0,1,0,0,0,0,1,0,0,1,1,0,0,0,1,1,1,0,0,1,0
Rana italica,1,DD,DD,DD,DD,DD,DD,60.00,DD,DD,60.00,1,0,0,DD,DD,DD,DD,DD,DD,DD,DD,DD,1,0,0,0,1,1,0,1,0,1,0,DD,0,0,1,DD,DD,DD,DD,DD,DD,DD,DD,DD,DD,DD,0,1,0,DD,2000,DD,DD,DD,0,0,0,1,0,0,1,0,0,0,DD,0,0,0,0,0,0,DD,0,0,0,0,1,0,DD,DD,DD,DD,DD,DD,DD,0,0,0,0,1,1,1,0,0,DD,DD,DD,DD,DD,DD,DD,0,1,0,0,1,0,DD,DD,DD,DD,DD,DD,DD,DD,DD,DD,DD,0,0,0,0,0,0,0,0,0,0,0,0,0,0,0,0,0,0,0,0,0,0,0,0,0,0,1,0,0,1,0,0,0,0,0,0,0,0,0,0,0,0,0,0,0,0,0,0,0,0,0,0,0,0,0,0,1700,1,0,0,0,0,0,1,1,0,0,0,116298.78,0,0,0,0,0,0,0,0,0,0,0,0,0,0,0,0,0,0,0,0,0,0,0,0,0,0,0,0,0,0,0,0,0,0,0,0,0,0,0,1,0,0,1,0,0,0,0,0,0,1,0,1,1,0,0,1,0,0,0,0,0,1,0
Rana latastei,1,DD,DD,DD,DD,42.42,45.44,43.93,DD,DD,43.93,1,0,0,30.00,33.67,31.83,94.00,107.67,100.84,32.00,35.30,33.67,1,0,0,0,1,1,0,1,0,1 (2.33 mm),1,0,0,0,1,DD,DD,DD,DD,DD,1.00,DD,DD,0,0,0,0,1,0,15.00,400,1.80,DD,DD,0,0,0,1,0,0,1,0,0,0,0,0,0,0,0,0,0,DD,0,0,0,0,1,0,DD,DD,DD,DD,DD,DD,DD,0,0,0,0,1,1,1,0,0,DD,DD,DD,DD,DD,DD,DD,0,1,0,0,1,0,DD,DD,DD,DD,DD,DD,1,0,DD,1000.00,DD,0,0,0,0,0,0,0,0,0,0,0,0,0,0,0,0,0,0,0,0,0,0,1,0,0,0,1,0,0,1,1,0,0,0,0,0,0,0,0,0,0,0,0,0,0,0,0,0,0,0,0,0,0,0,0,0,400,1,0,0,0,0,0,1,0,0,0,0,40160.15,0,0,0,0,0,0,0,0,0,0,0,0,0,0,0,0,0,0,0,0,0,0,0,0,0,0,0,0,0,0,0,0,0,0,0,0,0,0,0,1,0,0,0,0,1,0,0,0,1,0,0,1,1,0,0,0,1,1,0,0,0,1,0
Rana pyrenaica,1,DD,DD,DD,DD,38.50,43.00,40.75,DD,DD,40.75,1,0,0,DD,DD,DD,DD,DD,DD,DD,DD,DD,1,0,0,0,1,1,0,1,0,1,0,0,0,0,1,DD,DD,DD,DD,DD,DD,DD,DD,0,0,0,0,1,0,12.00,150,3.20,0.01,DD,0,0,0,0,1,0,0,1,0,0,0,0,0,0,0,0,0,DD,0,0,0,0,1,0,1,1,1,0,0,0,DD,0,0,0,0,1,1,1,0,0,DD,DD,DD,DD,DD,DD,DD,0,1,0,0,1,0,DD,DD,DD,DD,DD,DD,DD,DD,DD,DD,DD,0,0,0,0,0,0,0,0,0,0,0,0,0,0,0,0,0,0,0,0,0,0,0,0,0,0,1,0,0,1,0,0,0,0,0,0,0,0,0,0,0,0,0,0,0,0,0,0,0,0,0,0,0,0,0,800,2100,1,0,0,0,0,0,0,0,0,0,0,2343.13,0,0,0,0,0,0,0,0,0,0,0,0,0,0,0,0,0,0,0,0,0,0,0,0,0,0,0,0,0,0,0,0,0,0,0,0,0,0,0,0,1,0,0,0,0,1,0,0,1,0,0,1,1,0,0,0,1,1,0,0,0,1,0
Rana temporaria,1,38.07,46.40,42.24,0.43,69.45,70.83,70.14,67.57,72.39,70.14,1,0,0,39.50,42.75,41.13,116.25,128.25,122.25,37.00,40.75,38.88,1,0,0,0,1,1,0,1,0,1 (3.44 mm),0,0,0,0,1,DD,0.48,0.06,DD,DD,3.00,1,1,0,0,0,0,1,0,13.75,4000,3.00,0.01,0,0,0,0,0,1,0,0,1,0,0,1,0,0,0,0,0,0,1,0,0,0,0,1,0,1,1,1,0,0,0,0.04,0,0,0,0,1,1,1,0,1,1,0,0,119.50,0,1,1,1,1,0,0,1,0,1,1,0,DD,DD,DD,1,0,31.00,2214.00,10.00,0,0,0,0,1,0,0,0,0,0,0,0,0,0,0,0,0,0,0,0,0,0,1,0,0,0,1,0,0,1,0,0,0,0,0,0,0,0,0,0,0,0,0,0,0,0,0,0,1,0,0,1,1,0,0,0,3000,1,0,1,1,0,1,1,1,0,1,1,11595931.82,0,0,1,0,0,0,0,0,0,0,0,0,0,0,0,0,0,0,0,0,0,0,0,0,0,0,0,0,0,0,0,0,0,0,0,0,0,0,1,0,0,0,1,0,0,0,0,0,0,1,0,1,0,1,0,1,1,1,0,0,0,0,1
Salamandra algira,DD,DD,DD,DD,DD,DD,DD,80.20,DD,DD,188.75,0,1,0,DD,DD,DD,DD,DD,DD,DD,DD,DD,0,1,0,0,0,0,0,1,0,0,DD,DD,DD,DD,DD,DD,DD,DD,DD,DD,DD,DD,DD,DD,20,DD,0,0,0,DD,17.5,DD,DD,DD,0,0,0,0,0,0,0,0,0,0,DD,DD,DD,DD,DD,DD,DD,DD,DD,DD,DD,DD,DD,DD,DD,DD,DD,DD,DD,DD,DD,DD,DD,DD,DD,DD,1,0,1,0,DD,DD,DD,DD,DD,DD,DD,1,0,0,1,0,0,DD,DD,DD,DD,DD,DD,DD,DD,DD,DD,DD,0,0,0,0,1,0,0,0,0,0,0,0,0,0,0,0,0,0,0,0,0,0,0,0,0,0,0,0,0,0,0,0,0,0,0,0,0,0,0,0,0,0,1,0,0,0,0,0,0,0,0,0,0,0,0,0,2450,0,0,0,0,0,0,0,1,0,0,0,14718.00,0,0,0,0,0,0,0,0,0,0,0,0,0,1,0,0,0,0,0,0,0,0,0,0,0,0,0,0,0,0,0,0,0,0,0,0,0,0,0,0,1,0,0,0,1,0,0,0,1,0,0,1,0,1,1,1,1,1,0,0,0,1,0
Salamandra atra,1,DD,DD,8.20,DD,66.95,71.23,69.09,144.00,151.00,115.15,0,1,0,DD,DD,DD,DD,DD,23.50,DD,DD,DD,0,1,0,0,0,0,0,1,0,0,0,0,0,1,0,DD,DD,DD,DD,DD,3.00,1,1,0,50,2,0,0,0,47.50,11,DD,DD,0,0,0,0,0,0,0,0,0,0,0,1,DD,DD,DD,DD,DD,DD,1,0,1,0,0,0,0,DD,DD,DD,DD,DD,DD,DD,1,0,0,0,0,1,0,1,0,DD,DD,DD,DD,0,1,0,DD,DD,DD,DD,DD,DD,0,1,0,9.30,30.00,DD,DD,DD,DD,DD,DD,0,0,0,0,0,0,0,0,0,0,0,0,0,0,0,0,0,0,0,0,0,0,1,0,0,0,0,0,0,1,0,0,0,0,0,0,0,0,0,0,0,0,1,0,0,0,0,0,0,0,0,0,0,0,0,433,2800,1,0,0,0,0,0,1,0,0,0,0,131027.95,0,0,0,0,0,0,0,0,0,0,0,0,0,0,0,0,0,0,0,0,0,0,0,0,0,0,0,0,0,0,0,0,0,0,0,0,0,0,0,1,0,0,1,0,0,0,0,0,1,0,0,1,0,1,1,1,1,1,0,0,0,1,0
Salamandra corsica,1,DD,DD,DD,DD,DD,DD,DD,180.00,190.00,200.00,0,1,0,DD,DD,DD,DD,DD,DD,DD,DD,DD,0,1,0,0,0,0,0,1,0,0,0,0,0,1,0,DD,DD,DD,DD,DD,6.00,DD,DD,0,DD,22.5,0,0,0,55.50,22.5,DD,DD,0,0,0,0,0,0,0,0,0,0,0,0,DD,DD,DD,DD,DD,DD,DD,1,1,0,1,0,0,1,1,1,0,0,0,DD,1,0,0,1,0,1,0,1,0,DD,DD,DD,DD,DD,DD,DD,DD,DD,DD,DD,DD,DD,DD,DD,DD,DD,DD,DD,DD,DD,DD,DD,DD,0,0,0,0,1,0,0,0,0,0,0,0,0,0,0,0,0,0,0,0,0,0,0,0,0,0,0,0,0,0,0,0,0,0,0,0,0,0,0,0,0,0,1,1,0,0,0,0,0,0,0,0,0,0,0,50,1800,0,0,0,0,0,0,0,1,0,0,0,4807.60,0,0,0,0,0,0,0,0,0,0,0,0,0,0,0,0,0,0,0,0,0,0,0,0,0,0,0,0,0,0,0,0,0,0,0,0,0,0,0,0,1,0,1,0,0,0,0,0,0,1,0,1,0,0,0,0,0,0,0,0,0,1,0
Salamandra lanzai,1,11.35,13.05,12.20,4.80,82.55,83.68,83.11,DD,DD,138.00,0,1,0,DD,DD,DD,DD,DD,DD,DD,DD,DD,0,1,0,0,1,0,1,1,0,0,0,0,0,0,1,DD,DD,DD,5.00,6.00,5.00,DD,DD,0,DD,3,0,0,0,55.00,6,DD,DD,0,0,0,0,0,0,0,0,0,0,0,1,DD,DD,DD,DD,DD,DD,DD,1,1,0,1,0,0,1,1,1,0,0,0,DD,DD,DD,DD,DD,DD,1,0,1,0,0,0,1,49.10,DD,1,0,DD,DD,DD,DD,DD,DD,0,1,0,19.70,21.00,DD,DD,DD,DD,DD,DD,0,0,0,0,1,0,0,0,0,0,0,0,0,0,0,0,0,0,0,0,0,0,0,0,0,0,0,0,0,1,0,0,0,0,0,0,0,0,0,0,0,0,0,1,1,0,0,0,0,0,0,0,0,0,0,1800,2300,1,0,0,0,0,0,0,0,0,0,0,867.27,0,0,0,0,0,0,0,0,0,0,0,0,0,0,0,0,0,0,0,0,0,0,0,0,0,0,0,0,0,0,0,0,0,0,0,0,0,0,0,0,1,0,0,0,1,0,0,0,0,1,0,1,0,0,1,0,0,0,0,0,0,1,0
Salamandra salamandra,1,17.90,27.40,35.23,1.16,129.75,155.25,142.50,DD,DD,175.25,0,1,0,DD,DD,DD,DD,DD,41.00,DD,DD,DD,0,1,0,0,0,0,0,1,0,0,0,0,0,1,0,0.53,DD,DD,3.00,4.00,3.00,1,0,0,DD,70,0,0,0,63.25,54,DD,DD,0,0,0,0,0,0,0,0,0,0,0,1,1,1,1,1,1,0,1,0,1,0,1,0,0,DD,DD,DD,DD,DD,DD,0.08,0,1,0,1,0,1,0,1,1,0,0,1,61.50,0,1,0,1,0,0,0,0,0,1,1,0,DD,DD,DD,1,0,66.50,30.00,DD,0,0,0,0,1,0,0,0,0,0,0,0,0,0,0,0,0,0,0,0,0,0,0,0,0,0,1,0,0,1,1,0,1,0,0,0,0,0,0,0,0,0,0,0,0,0,0,0,0,0,0,0,0,0,0,0,2150,1,0,0,1,0,0,1,1,0,1,0,2549887.83,0,0,0,0,0,0,0,0,0,0,0,0,0,0,0,0,0,0,0,0,0,0,0,0,0,0,0,0,0,0,0,0,0,0,0,0,0,0,1,0,0,0,1,0,0,0,0,0,1,0,0,1,1,1,1,1,1,1,0,0,0,1,0
Salamandrina perspicillata,DD,DD,DD,DD,DD,31.00,40.33,35.66,DD,DD,92.95,0,1,0,DD,DD,DD,DD,DD,11.50,DD,DD,DD,0,1,0,0,0,0,0,0,1,0,DD,DD,DD,DD,DD,DD,DD,DD,DD,4.00,4.00,DD,DD,DD,DD,DD,DD,DD,DD,27.50,60,DD,DD,DD,DD,DD,DD,DD,DD,DD,DD,DD,DD,DD,DD,DD,DD,DD,DD,DD,DD,DD,DD,DD,DD,DD,DD,DD,DD,DD,DD,DD,DD,DD,DD,DD,DD,DD,DD,DD,1,0,1,0,DD,DD,DD,DD,DD,DD,DD,DD,DD,DD,DD,DD,DD,DD,DD,DD,DD,DD,DD,DD,DD,DD,500.00,DD,DD,DD,DD,DD,DD,DD,DD,DD,DD,DD,DD,DD,DD,DD,DD,DD,DD,DD,DD,DD,DD,DD,DD,DD,DD,DD,DD,DD,DD,DD,DD,DD,DD,DD,DD,DD,DD,DD,DD,DD,DD,DD,DD,DD,DD,DD,DD,DD,DD,DD,DD,DD,DD,DD,DD,50,1500,1,0,0,0,0,0,1,1,0,0,0,79738.19,0,0,0,0,0,0,0,0,0,0,0,0,0,0,0,0,0,0,0,0,0,0,0,0,0,0,0,0,0,0,0,0,0,0,0,0,0,0,0,1,0,0,1,0,0,0,0,0,0,1,0,1,0,0,0,0,1,1,0,0,0,1,0
Salamandrina terdigitata,1,DD,DD,DD,DD,DD,DD,33.31,90.00,110.00,94.00,0,1,0,DD,DD,DD,DD,DD,10.68,DD,DD,DD,0,1,0,0,0,0,0,0,1,0,0,0,0,0,1,DD,DD,DD,DD,DD,DD,DD,DD,0,0,0,0,1,0,30.00,60,1.50,DD,1,0,0,1,1,0,0,1,0,0,0,1,DD,DD,DD,DD,DD,DD,DD,0,1,0,0,0,0,DD,DD,DD,DD,DD,DD,DD,0,0,1,1,0,1,0,1,0,DD,DD,DD,DD,DD,DD,DD,DD,DD,DD,DD,DD,DD,DD,DD,DD,DD,DD,DD,DD,DD,DD,500.00,DD,0,0,0,0,1,0,0,0,0,0,0,0,0,0,0,0,0,0,0,0,0,0,0,0,0,0,1,0,0,1,0,0,0,0,0,0,0,0,0,0,0,0,1,0,0,0,0,0,0,0,0,0,0,0,0,DD,DD,0,0,0,0,0,0,0,1,0,0,0,29626.89,0,0,0,0,0,0,0,0,0,0,0,0,0,0,0,0,0,0,0,0,0,0,0,0,0,0,0,0,0,0,0,0,0,0,0,0,0,0,0,0,1,0,1,0,0,0,0,0,0,1,0,1,0,0,0,0,1,1,0,0,0,1,0
Speleomantes ambrosii,1,DD,DD,2.26,DD,53.31,55.93,54.62,DD,DD,125.00,0,0,1,DD,DD,6.90,DD,DD,17.01,DD,DD,DD,0,1,0,0,1,1,0,1,0,0,0,0,0,0,1,DD,DD,DD,4.00,5.00,4.00,DD,DD,0,0,0,1,0,0,20.00,10,5.00,DD,DD,1,0,0,0,0,0,0,0,0,0,0,1,0,0,1,1,0,DD,1,1,0,0,0,0,1,1,1,1,0,0,0.21,0,1,0,0,0,1,0,1,0,DD,DD,DD,DD,DD,DD,0,0,0,0,1,0,0,DD,DD,DD,DD,DD,DD,DD,DD,DD,DD,DD,0,0,0,0,0,0,0,0,0,0,0,0,0,0,0,0,0,0,0,0,0,0,0,0,0,0,0,0,0,1,0,0,0,0,0,0,0,0,0,0,0,0,1,1,0,0,0,0,0,0,0,0,0,0,0,0,1800,0,0,0,0,0,0,0,1,0,0,0,1906.48,0,0,0,0,0,0,0,0,0,0,0,0,0,0,0,0,0,0,0,0,0,0,0,0,0,0,0,0,0,0,0,0,0,0,0,0,0,0,0,0,1,0,0,1,0,0,0,0,0,1,0,1,0,1,0,1,0,0,0,0,0,1,0
Speleomantes flavus,1,DD,DD,DD,DD,60.00,63.92,61.96,DD,DD,112.50,0,0,1,DD,DD,9.09,DD,DD,21.25,DD,DD,DD,0,1,0,0,1,1,0,1,0,0,0,0,0,0,1,DD,DD,DD,DD,DD,DD,DD,DD,DD,DD,DD,1,0,0,20.00,10,6.50,DD,DD,1,0,0,0,0,0,0,0,0,0,0,1,0,0,1,1,0,DD,1,1,0,0,0,0,1,1,1,1,0,0,0.21,0,1,0,0,0,1,0,1,0,DD,DD,DD,DD,DD,DD,0,0,0,0,1,0,0,DD,DD,DD,DD,DD,DD,DD,DD,DD,DD,DD,DD,DD,DD,DD,DD,DD,DD,DD,DD,DD,DD,DD,DD,DD,DD,DD,DD,DD,DD,DD,DD,DD,DD,DD,DD,DD,DD,DD,DD,DD,DD,DD,DD,DD,DD,DD,DD,DD,DD,DD,DD,DD,DD,DD,DD,DD,DD,DD,DD,DD,DD,DD,DD,DD,DD,0,1040,0,0,0,0,0,0,0,1,0,0,0,572.35,0,0,0,0,0,0,0,0,0,0,0,0,0,0,0,0,0,0,0,0,0,0,0,0,0,0,0,0,0,0,0,0,0,0,0,0,0,0,0,0,1,0,0,0,1,0,0,0,0,1,0,1,0,1,0,1,0,0,0,0,0,1,0
Speleomantes imperialis,1,DD,DD,3.92,DD,60.85,62.16,61.51,DD,DD,121.61,0,0,1,DD,DD,8.59,DD,DD,21.07,DD,DD,DD,0,1,0,0,1,1,0,1,0,0,0,0,0,0,1,DD,DD,DD,DD,DD,DD,DD,DD,DD,DD,DD,1,0,0,20.00,10,6.50,DD,DD,1,0,0,0,0,0,0,0,0,0,0,1,0,0,1,1,0,DD,1,1,0,0,0,0,1,1,1,1,0,0,0.21,0,1,0,0,0,1,0,1,0,DD,DD,DD,DD,DD,DD,0,0,0,0,1,0,0,DD,DD,DD,DD,DD,DD,DD,DD,DD,DD,DD,0,0,0,0,0,0,0,0,0,0,0,0,0,0,0,0,0,0,0,0,0,0,0,0,0,0,0,0,0,0,0,0,0,0,0,0,0,0,0,0,0,0,0,1,1,0,0,0,0,0,0,0,0,0,0,0,1170,0,0,0,0,0,0,0,1,0,0,0,3998.68,0,0,0,0,0,0,0,0,0,0,0,0,0,0,0,0,0,0,0,0,0,0,0,0,0,0,0,0,0,0,0,0,0,0,0,0,0,0,0,0,1,0,0,1,0,0,0,0,0,1,0,1,0,1,0,1,0,0,0,0,0,1,0
Speleomantes italicus,1,DD,DD,2.88,DD,52.20,56.23,54.22,DD,DD,94.61,0,0,1,DD,DD,6.72,DD,DD,17.32,DD,DD,4.81,0,1,0,0,1,1,0,1,0,0,0,0,0,0,1,DD,DD,DD,DD,DD,3.50,DD,DD,DD,DD,DD,1,0,0,20.00,10,6.50,DD,DD,1,0,0,0,0,0,0,0,0,0,0,1,0,0,1,1,0,DD,1,1,0,0,0,0,1,1,1,1,0,0,0.21,0,1,0,0,0,1,0,1,0,DD,DD,DD,DD,DD,DD,0,0,0,0,1,0,0,DD,DD,DD,DD,DD,DD,DD,DD,DD,DD,DD,0,0,0,0,0,0,0,0,0,0,0,0,0,0,0,0,0,0,0,0,0,0,0,0,0,0,0,0,0,0,0,0,0,0,0,0,0,0,0,0,0,0,1,0,0,0,0,0,0,0,0,0,0,0,0,80,1600,0,0,0,0,0,0,1,1,0,0,0,19689.93,0,0,0,0,0,0,0,0,0,0,0,0,0,0,0,0,0,0,0,0,0,0,0,0,0,0,0,0,0,0,0,0,0,0,0,0,0,0,0,0,1,0,0,1,0,0,0,0,0,1,0,1,0,1,0,1,0,0,0,0,0,1,0
Speleomantes sarrabusensis,DD,DD,DD,DD,DD,DD,DD,DD,DD,DD,DD,0,0,1,DD,DD,DD,DD,DD,DD,DD,DD,DD,0,1,0,0,1,1,0,1,0,0,DD,DD,0,0,1,DD,DD,DD,DD,DD,DD,DD,DD,DD,DD,DD,1,0,0,20.00,10,6.50,DD,DD,1,0,0,0,0,0,0,0,0,0,0,DD,0,0,1,1,0,DD,1,1,0,0,0,0,1,1,1,1,0,0,0.21,0,1,0,0,0,1,0,1,0,DD,DD,DD,DD,DD,DD,DD,0,0,0,1,0,0,DD,DD,DD,DD,DD,DD,DD,DD,DD,DD,DD,DD,DD,DD,DD,DD,DD,DD,DD,DD,DD,DD,DD,DD,DD,DD,DD,DD,DD,DD,DD,DD,DD,DD,DD,DD,DD,DD,DD,DD,DD,DD,DD,DD,DD,DD,DD,DD,DD,DD,DD,DD,DD,DD,DD,DD,DD,DD,DD,DD,DD,DD,DD,DD,DD,DD,DD,DD,0,0,0,0,0,0,0,1,0,0,0,30.08,0,0,0,0,0,0,0,0,0,0,0,0,0,0,0,0,0,0,0,0,0,0,0,0,0,0,0,0,0,0,0,0,0,0,0,0,0,0,0,0,1,0,0,0,1,0,0,0,0,1,0,0,0,1,0,1,0,0,0,0,0,0,0
Speleomantes strinatii,1,DD,DD,DD,DD,58.48,63.59,61.03,115.00,125.00,119.50,0,0,1,DD,DD,DD,DD,DD,DD,DD,DD,DD,0,1,0,0,1,1,0,1,0,0,0,0,0,0,1,DD,DD,DD,3.00,5.00,3.00,DD,DD,0,0,0,1,0,0,25.00,11.333,6.50,DD,0,1,0,0,0,0,0,0,0,0,0,0,1,0,0,1,1,0,DD,1,1,0,0,0,0,1,1,1,1,0,0,0.21,0,1,0,0,0,1,0,1,0,DD,DD,DD,DD,DD,DD,DD,0,0,0,1,0,0,DD,DD,DD,DD,DD,DD,DD,DD,DD,DD,DD,0,0,0,0,1,0,0,0,0,0,0,0,0,0,0,0,0,0,0,0,0,0,0,0,0,0,1,0,0,0,0,0,0,0,0,0,0,0,0,0,0,0,0,1,1,0,0,0,0,0,0,0,0,0,0,0,2500,1,0,0,0,0,0,0,1,0,0,0,13588.92,0,0,0,0,0,0,0,0,0,0,0,0,0,0,0,0,0,0,0,0,0,0,0,0,0,0,0,0,0,0,0,0,0,0,0,0,0,0,0,0,1,0,0,1,0,0,0,0,0,1,0,1,0,1,0,1,0,0,0,0,0,1,0
Speleomantes supramontis,1,DD,DD,5.08,DD,60.47,63.60,62.04,DD,DD,116.59,0,0,1,DD,DD,DD,DD,DD,20.99,DD,DD,DD,0,1,0,0,1,1,0,1,0,0,0,0,0,0,1,DD,DD,DD,DD,DD,2.50,DD,DD,DD,DD,DD,1,0,0,20.00,10,6.50,DD,DD,1,0,0,0,0,0,0,0,0,0,0,1,0,0,1,1,0,DD,1,1,0,0,0,0,1,1,1,1,0,0,0.21,0,1,0,0,0,1,0,1,0,DD,DD,DD,DD,DD,DD,DD,0,0,0,1,0,0,DD,DD,DD,DD,DD,DD,DD,DD,DD,DD,DD,DD,DD,DD,DD,DD,DD,DD,DD,DD,DD,DD,DD,DD,DD,DD,DD,DD,DD,DD,DD,DD,DD,DD,DD,DD,DD,DD,DD,DD,DD,DD,DD,DD,DD,DD,DD,DD,DD,DD,DD,DD,DD,DD,DD,DD,DD,DD,DD,DD,DD,DD,DD,DD,DD,DD,200,1360,0,0,0,0,0,0,0,1,0,0,0,649.98,0,0,0,0,0,0,0,0,0,0,0,0,0,0,0,0,0,0,0,0,0,0,0,0,0,0,0,0,0,0,0,0,0,0,0,0,0,0,0,0,1,0,0,0,0,1,0,0,1,0,0,1,0,1,0,1,0,0,0,0,0,1,0
Triturus carnifex,1,11.40,15.10,8.84,DD,70.19,72.28,71.24,DD,DD,144.42,0,1,0,DD,DD,DD,DD,DD,DD,DD,DD,DD,0,1,0,0,0,0,0,1,0,0,1,0,0,1,0,DD,DD,DD,3.20,2.90,2.90,0,1,0,0,0,1,0,0,DD,400,2.00,DD,0,0,0,0,1,0,0,1,0,0,0,0,0,0,0,0,0,0,1,0,1,0,0,0,0,1,1,1,1,0,0,DD,1,0,0,0,1,1,0,1,1,1,0,0,DD,1,1,1,1,0,0,0,1,0,1,1,0,DD,DD,DD,1,0,115.00,299.00,13.00,0,0,0,0,1,0,0,0,0,0,0,0,0,0,0,0,0,0,0,0,0,0,1,0,0,0,0,0,0,0,0,0,0,0,0,0,0,0,0,0,0,0,0,0,0,0,0,0,1,0,0,0,0,0,0,800,1000,1,0,0,0,0,0,1,1,1,0,0,565115.07,0,0,0,0,0,0,0,0,0,0,0,0,0,0,0,0,0,0,0,0,0,0,0,0,0,0,0,0,0,0,0,0,0,0,0,0,0,0,0,1,0,0,1,0,0,0,0,0,1,0,0,1,1,0,0,0,1,1,1,0,1,1,0
Triturus cristatus,1,6.98,7.70,7.34,4.80,64.33,69.28,66.81,140.00,180.00,140.05,0,1,0,DD,DD,DD,DD,DD,26.50,DD,DD,DD,0,1,0,0,0,0,0,1,0,0,1,0,0,0,1,0.76,0.26,0.30,2.80,2.67,2.67,0,1,0,0,0,1,0,0,61.25,400,2.00,0.00,0,0,0,0,1,0,0,1,0,0,0,0,0,0,0,0,0,0,1,0,1,0,0,0,0,1,1,1,1,0,0,0.31,1,0,0,0,1,1,0,1,1,1,0,0,DD,1,1,0,1,0,0,0,1,0,1,1,0,254.00,860.00,DD,1,0,DD,1290.00,105.00,0,0,0,0,1,0,0,0,0,0,0,0,0,0,0,0,0,0,0,0,0,0,1,0,0,0,0,0,0,1,1,0,0,0,0,0,0,0,0,0,0,0,0,0,0,0,0,0,0,1,0,0,0,0,0,0,1750,1,0,0,1,0,1,1,1,0,0,1,5957199.64,0,0,0,1,0,0,0,0,0,0,0,0,0,0,0,0,0,0,0,0,0,0,0,0,0,0,0,0,0,0,0,0,0,0,0,0,0,0,1,0,0,0,1,0,0,0,0,0,1,0,0,1,1,1,0,1,1,1,1,0,0,1,0
Triturus dobrogicus,1,DD,DD,4.70,DD,62.99,66.69,64.84,120.00,130.00,132.08,0,1,0,DD,DD,DD,DD,DD,20.01,DD,DD,DD,0,1,0,0,0,0,0,1,0,0,1,DD,DD,DD,DD,0.47,DD,DD,3.20,3.50,3.20,DD,DD,DD,DD,DD,DD,DD,DD,35.00,250,1.70,DD,DD,0,0,0,1,0,0,1,0,0,0,DD,DD,0,0,0,0,0,DD,DD,DD,DD,DD,DD,DD,DD,DD,DD,DD,DD,DD,DD,DD,DD,DD,DD,DD,1,0,1,1,DD,DD,DD,DD,DD,DD,DD,1,0,0,0,1,0,DD,DD,DD,DD,DD,DD,DD,DD,DD,DD,DD,0,0,0,0,0,0,0,0,0,0,0,0,0,0,0,0,0,0,0,0,0,0,0,0,0,0,1,0,0,1,1,0,1,0,0,0,0,0,0,0,0,0,0,0,0,0,0,0,0,0,0,0,0,0,0,0,600,1,0,0,0,1,0,1,0,0,1,1,317613.58,0,0,0,0,0,0,0,0,0,0,0,0,0,0,0,0,0,0,0,0,0,0,0,0,0,0,0,0,0,0,0,0,0,0,0,0,0,0,0,1,0,0,0,1,0,0,0,0,1,0,0,1,0,0,0,0,1,1,1,0,1,1,0
Triturus karelinii,1,DD,DD,DD,DD,68.84,71.12,69.98,109.21,122.33,136.89,0,1,0,DD,DD,DD,24.03,22.71,25.94,DD,DD,DD,0,1,0,0,0,0,0,1,0,0,1,0,0,1,0,DD,DD,DD,DD,DD,4.00,DD,DD,DD,DD,DD,1,0,0,40.00,250,1.90,DD,DD,0,0,0,1,0,0,1,0,0,0,DD,DD,0,0,0,0,0,DD,1,1,1,0,0,0,1,1,1,0,0,0,DD,DD,DD,DD,DD,DD,1,0,1,1,DD,DD,DD,DD,DD,DD,0,1,0,0,0,1,0,DD,DD,DD,DD,DD,DD,DD,DD,DD,DD,DD,DD,DD,DD,DD,DD,DD,DD,DD,DD,DD,DD,DD,DD,DD,DD,DD,DD,DD,DD,DD,DD,DD,DD,DD,DD,DD,DD,DD,DD,DD,DD,DD,DD,DD,DD,DD,DD,DD,DD,DD,DD,DD,DD,DD,DD,DD,DD,DD,DD,DD,DD,DD,DD,DD,DD,0,2134,1,0,0,0,1,0,1,1,0,0,1,434726.47,0,1,0,0,0,0,0,0,0,0,0,0,0,0,0,0,0,0,0,0,0,0,0,0,0,0,0,0,0,0,0,0,0,0,0,0,0,0,0,1,0,0,1,0,0,0,0,0,1,0,0,1,0,1,0,1,1,1,1,0,0,1,0
Triturus marmoratus,1,8.85,8.97,8.91,DD,65.74,72.43,69.08,132.00,146.00,138.30,0,1,0,DD,DD,DD,DD,DD,28.00,DD,DD,DD,0,1,0,0,0,0,0,1,0,0,0,0,0,0,1,0.77,0.65,DD,4.17,4.40,4.17,DD,DD,0,0,0,1,0,0,43.13,400,2.00,0.00,0,0,0,0,1,0,0,1,0,0,0,1,0,0,0,0,0,0,DD,1,1,1,0,0,0,1,1,1,0,0,0,DD,1,0,0,0,1,1,1,1,1,1,0,0,DD,DD,DD,0,1,0,0,0,1,0,DD,DD,DD,DD,DD,DD,DD,DD,DD,146.00,DD,0,0,0,0,0,0,0,0,0,0,0,0,0,0,0,0,0,0,0,0,0,0,1,0,0,0,0,0,0,1,0,0,0,0,0,0,0,0,0,0,0,0,0,1,0,0,0,0,0,0,0,0,0,0,0,0,1940,1,0,0,1,0,0,1,1,0,0,0,537303.11,0,0,0,0,0,0,0,0,0,0,0,0,0,0,0,0,0,0,0,0,0,0,0,0,0,0,0,0,0,0,0,0,0,0,0,0,0,0,0,1,0,0,1,0,0,0,0,0,1,0,0,1,1,1,0,1,1,1,0,0,0,1,0
Triturus pygmaeus,DD,2.04,2.29,2.94,DD,49.49,43.90,46.70,DD,DD,101.07,0,1,0,DD,DD,DD,DD,DD,18.55,DD,DD,DD,0,1,0,0,0,0,0,1,0,0,DD,DD,0,1,0,0.73,DD,DD,DD,DD,2.00,DD,DD,DD,DD,DD,1,0,0,46.50,150,DD,DD,DD,0,0,0,1,0,0,1,0,0,0,0,DD,0,0,0,0,0,DD,0,1,0,0,1,0,1,1,1,1,0,0,DD,1,0,0,0,0,1,0,1,1,DD,DD,DD,DD,0,DD,DD,1,0,0,0,1,0,DD,DD,DD,DD,DD,DD,DD,DD,DD,DD,DD,0,0,0,0,0,0,0,0,0,0,0,0,0,0,0,0,0,0,0,0,0,0,0,0,0,0,0,1,0,1,0,0,0,0,0,0,0,0,0,0,0,0,0,0,0,0,0,0,0,0,0,0,0,0,0,0,1500,0,0,0,0,0,0,0,1,0,0,0,179937.39,0,0,0,0,0,0,0,0,0,0,0,0,0,0,0,0,0,0,0,0,0,0,0,0,0,0,0,0,0,0,0,0,0,0,0,0,0,0,0,1,0,0,0,1,0,0,0,0,1,0,0,1,1,0,0,0,0,0,0,0,0,1,0
Xenopus laevis,1,26.55,40.28,76.21,DD,62.49,73.30,67.90,59.90,63.30,67.90,1,0,0,DD,DD,29.00,DD,DD,DD,DD,DD,22.00,1,0,0,0,1,1,0,0,1,1,1,0,0,1,0,DD,DD,DD,DD,DD,2.00,DD,DD,0,0,0,0,1,0,15.00,2500,1.00,DD,1,0,0,0,0,1,0,0,1,0,0,0,0,0,0,0,0,0,DD,0,0,0,1,1,1,1,1,1,1,0,0,0.15,1,0,0,0,1,1,1,1,1,0,0,0,DD,1,DD,DD,0,0,0,0,1,0,DD,DD,DD,DD,DD,DD,1,1,DD,2000.00,100.00,0,0,0,0,0,0,0,0,0,0,0,0,0,0,0,0,0,0,0,0,0,0,0,0,0,0,1,0,0,1,0,1,1,1,0,0,0,0,0,0,0,0,0,0,0,0,0,0,0,0,0,0,0,0,0,DD,DD,0,0,0,1,0,0,0,0,0,0,0,DD,0,0,0,0,0,0,0,0,0,0,0,0,0,0,0,1,0,0,0,0,0,0,1,0,0,0,0,0,0,1,0,0,0,0,0,0,0,0,1,0,0,0,1,0,0,0,0,0,0,0,1,0,0,0,0,0,0,0,0,0,0,0,1