"scientificName","kingdom","phylum","class","order","family","db","BodySize","Database","Code","Unit","Field"
"Accipiter cooperii","Animalia","Chordata","Aves","Accipitriformes","Accipitridae","gbif",62,"AVONET","BodySize","mm","TarsusLength"
"Accipiter gentilis","Animalia","Chordata","Aves","Accipitriformes","Accipitridae","gbif",67.3,"AVONET","BodySize","mm","TarsusLength"
"Accipiter nisus","Animalia","Chordata","Aves","Accipitriformes","Accipitridae","gbif",53.6,"AVONET","BodySize","mm","TarsusLength"
"Aquila chrysaetos","Animalia","Chordata","Aves","Accipitriformes","Accipitridae","gbif",101.4,"AVONET","BodySize","mm","TarsusLength"
"Buteo buteo","Animalia","Chordata","Aves","Accipitriformes","Accipitridae","gbif",75.8,"AVONET","BodySize","mm","TarsusLength"
"Buteo jamaicensis","Animalia","Chordata","Aves","Accipitriformes","Accipitridae","gbif",80.9,"AVONET","BodySize","mm","TarsusLength"
"Buteo lineatus","Animalia","Chordata","Aves","Accipitriformes","Accipitridae","gbif",74.1,"AVONET","BodySize","mm","TarsusLength"
"Buteo regalis","Animalia","Chordata","Aves","Accipitriformes","Accipitridae","gbif",81.6,"AVONET","BodySize","mm","TarsusLength"
"Buteo swainsoni","Animalia","Chordata","Aves","Accipitriformes","Accipitridae","gbif",60.7,"AVONET","BodySize","mm","TarsusLength"
"Circus cyaneus","Animalia","Chordata","Aves","Accipitriformes","Accipitridae","gbif",77.05,"AVONET","BodySize","mm","TarsusLength"
"Elanus leucurus","Animalia","Chordata","Aves","Accipitriformes","Accipitridae","gbif",31.8,"AVONET","BodySize","mm","TarsusLength"
"Haliaeetus leucocephalus","Animalia","Chordata","Aves","Accipitriformes","Accipitridae","gbif",81.7,"AVONET","BodySize","mm","TarsusLength"
"Parabuteo unicinctus","Animalia","Chordata","Aves","Accipitriformes","Accipitridae","gbif",81.6,"AVONET","BodySize","mm","TarsusLength"
"Pandion haliaetus","Animalia","Chordata","Aves","Accipitriformes","Pandionidae","gbif",49.8,"AVONET","BodySize","mm","TarsusLength"
"Aix sponsa","Animalia","Chordata","Aves","Anseriformes","Anatidae","gbif",32.9,"AVONET","BodySize","mm","TarsusLength"
"Anas acuta","Animalia","Chordata","Aves","Anseriformes","Anatidae","gbif",36.9,"AVONET","BodySize","mm","TarsusLength"
"Anas platyrhynchos","Animalia","Chordata","Aves","Anseriformes","Anatidae","gbif",40.6,"AVONET","BodySize","mm","TarsusLength"
"Anser caerulescens","Animalia","Chordata","Aves","Anseriformes","Anatidae","gbif",76.7,"AVONET","BodySize","mm","TarsusLength"
"Aythya affinis","Animalia","Chordata","Aves","Anseriformes","Anatidae","gbif",34.9,"AVONET","BodySize","mm","TarsusLength"
"Branta bernicla","Animalia","Chordata","Aves","Anseriformes","Anatidae","gbif",55.2,"AVONET","BodySize","mm","TarsusLength"
"Branta canadensis","Animalia","Chordata","Aves","Anseriformes","Anatidae","gbif",73.3,"AVONET","BodySize","mm","TarsusLength"
"Bucephala albeola","Animalia","Chordata","Aves","Anseriformes","Anatidae","gbif",30.1,"AVONET","BodySize","mm","TarsusLength"
"Bucephala clangula","Animalia","Chordata","Aves","Anseriformes","Anatidae","gbif",34.1,"AVONET","BodySize","mm","TarsusLength"
"Cygnus buccinator","Animalia","Chordata","Aves","Anseriformes","Anatidae","gbif",108.8,"AVONET","BodySize","mm","TarsusLength"
"Cygnus olor","Animalia","Chordata","Aves","Anseriformes","Anatidae","gbif",96.1,"AVONET","BodySize","mm","TarsusLength"
"Lophodytes cucullatus","Animalia","Chordata","Aves","Anseriformes","Anatidae","gbif",29.2,"AVONET","BodySize","mm","TarsusLength"
"Mergus merganser","Animalia","Chordata","Aves","Anseriformes","Anatidae","gbif",50.9,"AVONET","BodySize","mm","TarsusLength"
"Somateria spectabilis","Animalia","Chordata","Aves","Anseriformes","Anatidae","gbif",42.8,"AVONET","BodySize","mm","TarsusLength"
"Apus apus","Animalia","Chordata","Aves","Apodiformes","Apodidae","gbif",8.8,"AVONET","BodySize","mm","TarsusLength"
"Cathartes aura","Animalia","Chordata","Aves","Accipitriformes","Cathartidae","gbif",54,"AVONET","BodySize","mm","TarsusLength"
"Alca torda","Animalia","Chordata","Aves","Charadriiformes","Alcidae","gbif",32.4,"AVONET","BodySize","mm","TarsusLength"
"Uria aalge","Animalia","Chordata","Aves","Charadriiformes","Alcidae","gbif",35.9,"AVONET","BodySize","mm","TarsusLength"
"Charadrius melodus","Animalia","Chordata","Aves","Charadriiformes","Charadriidae","gbif",22.1,"AVONET","BodySize","mm","TarsusLength"
"Haematopus palliatus","Animalia","Chordata","Aves","Charadriiformes","Haematopodidae","gbif",54,"AVONET","BodySize","mm","TarsusLength"
"Chlidonias niger","Animalia","Chordata","Aves","Charadriiformes","Laridae","gbif",15.8,"AVONET","BodySize","mm","TarsusLength"
"Hydroprogne caspia","Animalia","Chordata","Aves","Charadriiformes","Laridae","gbif",42.6,"AVONET","BodySize","mm","TarsusLength"
"Larus argentatus","Animalia","Chordata","Aves","Charadriiformes","Laridae","gbif",63.2,"AVONET","BodySize","mm","TarsusLength"
"Leucophaeus atricilla","Animalia","Chordata","Aves","Charadriiformes","Laridae","gbif",44.8,"AVONET","BodySize","mm","TarsusLength"
"Larus californicus","Animalia","Chordata","Aves","Charadriiformes","Laridae","gbif",57,"AVONET","BodySize","mm","TarsusLength"
"Larus canus","Animalia","Chordata","Aves","Charadriiformes","Laridae","gbif",49.4,"AVONET","BodySize","mm","TarsusLength"
"Larus delawarensis","Animalia","Chordata","Aves","Charadriiformes","Laridae","gbif",51.2,"AVONET","BodySize","mm","TarsusLength"
"Larus fuscus","Animalia","Chordata","Aves","Charadriiformes","Laridae","gbif",61.5,"AVONET","BodySize","mm","TarsusLength"
"Larus glaucescens","Animalia","Chordata","Aves","Charadriiformes","Laridae","gbif",65.2,"AVONET","BodySize","mm","TarsusLength"
"Larus marinus","Animalia","Chordata","Aves","Charadriiformes","Laridae","gbif",74.2,"AVONET","BodySize","mm","TarsusLength"
"Chroicocephalus ridibundus","Animalia","Chordata","Aves","Charadriiformes","Laridae","gbif",41.4,"AVONET","BodySize","mm","TarsusLength"
"Rissa tridactyla","Animalia","Chordata","Aves","Charadriiformes","Laridae","gbif",33.9,"AVONET","BodySize","mm","TarsusLength"
"Sterna dougallii","Animalia","Chordata","Aves","Charadriiformes","Laridae","gbif",19.7,"AVONET","BodySize","mm","TarsusLength"
"Sterna forsteri","Animalia","Chordata","Aves","Charadriiformes","Laridae","gbif",24.3,"AVONET","BodySize","mm","TarsusLength"
"Sterna hirundo","Animalia","Chordata","Aves","Charadriiformes","Laridae","gbif",19.5,"AVONET","BodySize","mm","TarsusLength"
"Sterna paradisaea","Animalia","Chordata","Aves","Charadriiformes","Laridae","gbif",16.1,"AVONET","BodySize","mm","TarsusLength"
"Sternula antillarum","Animalia","Chordata","Aves","Charadriiformes","Laridae","gbif",14.6,"AVONET","BodySize","mm","TarsusLength"
"Thalasseus maximus","Animalia","Chordata","Aves","Charadriiformes","Laridae","gbif",32.8,"AVONET","BodySize","mm","TarsusLength"
"Thalasseus sandvicensis","Animalia","Chordata","Aves","Charadriiformes","Laridae","gbif",25.5,"AVONET","BodySize","mm","TarsusLength"
"Recurvirostra americana","Animalia","Chordata","Aves","Charadriiformes","Recurvirostridae","gbif",92,"AVONET","BodySize","mm","TarsusLength"
"Actitis macularius","Animalia","Chordata","Aves","Charadriiformes","Scolopacidae","gbif",24.2,"AVONET","BodySize","mm","TarsusLength"
"Numenius phaeopus","Animalia","Chordata","Aves","Charadriiformes","Scolopacidae","gbif",59.9,"AVONET","BodySize","mm","TarsusLength"
"Scolopax minor","Animalia","Chordata","Aves","Charadriiformes","Scolopacidae","gbif",31.3,"AVONET","BodySize","mm","TarsusLength"
"Mycteria americana","Animalia","Chordata","Aves","Ciconiiformes","Ciconiidae","gbif",191,"AVONET","BodySize","mm","TarsusLength"
"Columba oenas","Animalia","Chordata","Aves","Columbiformes","Columbidae","gbif",26.4,"AVONET","BodySize","mm","TarsusLength"
"Columba palumbus","Animalia","Chordata","Aves","Columbiformes","Columbidae","gbif",31.5,"AVONET","BodySize","mm","TarsusLength"
"Streptopelia decaocto","Animalia","Chordata","Aves","Columbiformes","Columbidae","gbif",20.8,"AVONET","BodySize","mm","TarsusLength"
"Streptopelia turtur","Animalia","Chordata","Aves","Columbiformes","Columbidae","gbif",22.3,"AVONET","BodySize","mm","TarsusLength"
"Zenaida macroura","Animalia","Chordata","Aves","Columbiformes","Columbidae","gbif",19.6,"AVONET","BodySize","mm","TarsusLength"
"Alcedo atthis","Animalia","Chordata","Aves","Coraciiformes","Alcedinidae","gbif",9.9,"AVONET","BodySize","mm","TarsusLength"
"Falco columbarius","Animalia","Chordata","Aves","Falconiformes","Falconidae","gbif",34.3,"AVONET","BodySize","mm","TarsusLength"
"Falco mexicanus","Animalia","Chordata","Aves","Falconiformes","Falconidae","gbif",55.6,"AVONET","BodySize","mm","TarsusLength"
"Falco peregrinus","Animalia","Chordata","Aves","Falconiformes","Falconidae","gbif",45.1,"AVONET","BodySize","mm","TarsusLength"
"Falco sparverius","Animalia","Chordata","Aves","Falconiformes","Falconidae","gbif",33.7,"AVONET","BodySize","mm","TarsusLength"
"Falco tinnunculus","Animalia","Chordata","Aves","Falconiformes","Falconidae","gbif",39.1,"AVONET","BodySize","mm","TarsusLength"
"Tetrastes bonasia","Animalia","Chordata","Aves","Galliformes","Phasianidae","gbif",35.1,"AVONET","BodySize","mm","TarsusLength"
"Canachites canadensis","Animalia","Chordata","Aves","Galliformes","Phasianidae","gbif",35.85,"AVONET","BodySize","mm","TarsusLength"
"Lagopus lagopus","Animalia","Chordata","Aves","Galliformes","Phasianidae","gbif",35.6,"AVONET","BodySize","mm","TarsusLength"
"Meleagris gallopavo","Animalia","Chordata","Aves","Galliformes","Phasianidae","gbif",149.2,"AVONET","BodySize","mm","TarsusLength"
"Tympanuchus cupido","Animalia","Chordata","Aves","Galliformes","Phasianidae","gbif",41.8,"AVONET","BodySize","mm","TarsusLength"
"Gavia immer","Animalia","Chordata","Aves","Gaviiformes","Gaviidae","gbif",86.1,"AVONET","BodySize","mm","TarsusLength"
"Grus canadensis","Animalia","Chordata","Aves","Gruiformes","Gruidae","gbif",216.2,"AVONET","BodySize","mm","TarsusLength"
"Fulica atra","Animalia","Chordata","Aves","Gruiformes","Rallidae","gbif",57,"AVONET","BodySize","mm","TarsusLength"
"Gallinula chloropus","Animalia","Chordata","Aves","Gruiformes","Rallidae","gbif",48.5,"AVONET","BodySize","mm","TarsusLength"
"Acrocephalus schoenobaenus","Animalia","Chordata","Aves","Passeriformes","Acrocephalidae","gbif",20.9,"AVONET","BodySize","mm","TarsusLength"
"Acrocephalus scirpaceus","Animalia","Chordata","Aves","Passeriformes","Acrocephalidae","gbif",21.3,"AVONET","BodySize","mm","TarsusLength"
"Aegithalos caudatus","Animalia","Chordata","Aves","Passeriformes","Aegithalidae","gbif",15.9,"AVONET","BodySize","mm","TarsusLength"
"Alauda arvensis","Animalia","Chordata","Aves","Passeriformes","Alaudidae","gbif",23.6,"AVONET","BodySize","mm","TarsusLength"
"Passerina cyanea","Animalia","Chordata","Aves","Passeriformes","Cardinalidae","gbif",17.2,"AVONET","BodySize","mm","TarsusLength"
"Cinclus cinclus","Animalia","Chordata","Aves","Passeriformes","Cinclidae","gbif",28.4,"AVONET","BodySize","mm","TarsusLength"
"Corvus brachyrhynchos","Animalia","Chordata","Aves","Passeriformes","Corvidae","gbif",59.3,"AVONET","BodySize","mm","TarsusLength"
"Corvus corax","Animalia","Chordata","Aves","Passeriformes","Corvidae","gbif",67.1,"AVONET","BodySize","mm","TarsusLength"
"Corvus corone","Animalia","Chordata","Aves","Passeriformes","Corvidae","gbif",59.4,"AVONET","BodySize","mm","TarsusLength"
"Corvus frugilegus","Animalia","Chordata","Aves","Passeriformes","Corvidae","gbif",55.7,"AVONET","BodySize","mm","TarsusLength"
"Coloeus monedula","Animalia","Chordata","Aves","Passeriformes","Corvidae","gbif",43.3,"AVONET","BodySize","mm","TarsusLength"
"Garrulus glandarius","Animalia","Chordata","Aves","Passeriformes","Corvidae","gbif",39.1,"AVONET","BodySize","mm","TarsusLength"
"Gymnorhinus cyanocephalus","Animalia","Chordata","Aves","Passeriformes","Corvidae","gbif",37.7,"AVONET","BodySize","mm","TarsusLength"
"Perisoreus canadensis","Animalia","Chordata","Aves","Passeriformes","Corvidae","gbif",36.3,"AVONET","BodySize","mm","TarsusLength"
"Pica pica","Animalia","Chordata","Aves","Passeriformes","Corvidae","gbif",49.1,"AVONET","BodySize","mm","TarsusLength"
"Emberiza citrinella","Animalia","Chordata","Aves","Passeriformes","Emberizidae","gbif",19.1,"AVONET","BodySize","mm","TarsusLength"
"Emberiza schoeniclus","Animalia","Chordata","Aves","Passeriformes","Emberizidae","gbif",19.3,"AVONET","BodySize","mm","TarsusLength"
"Acanthis flammea","Animalia","Chordata","Aves","Passeriformes","Fringillidae","gbif",15.6,"AVONET","BodySize","mm","TarsusLength"
"Carduelis carduelis","Animalia","Chordata","Aves","Passeriformes","Fringillidae","gbif",14.7,"AVONET","BodySize","mm","TarsusLength"
"Chloris chloris","Plantae","Tracheophyta","Liliopsida","Poales","Poaceae","gbif",17.3,"AVONET","BodySize","mm","TarsusLength"
"Fringilla coelebs","Animalia","Chordata","Aves","Passeriformes","Fringillidae","gbif",17.8,"AVONET","BodySize","mm","TarsusLength"
"Linaria cannabina","Animalia","Chordata","Aves","Passeriformes","Fringillidae","gbif",15.7,"AVONET","BodySize","mm","TarsusLength"
"Pyrrhula pyrrhula","Animalia","Chordata","Aves","Passeriformes","Fringillidae","gbif",18,"AVONET","BodySize","mm","TarsusLength"
"Delichon urbicum","Animalia","Chordata","Aves","Passeriformes","Hirundinidae","gbif",11.3,"AVONET","BodySize","mm","TarsusLength"
"Hirundo rustica","Animalia","Chordata","Aves","Passeriformes","Hirundinidae","gbif",11.7,"AVONET","BodySize","mm","TarsusLength"
"Petrochelidon fulva","Animalia","Chordata","Aves","Passeriformes","Hirundinidae","gbif",12.5,"AVONET","BodySize","mm","TarsusLength"
"Progne subis","Animalia","Chordata","Aves","Passeriformes","Hirundinidae","gbif",15,"AVONET","BodySize","mm","TarsusLength"
"Riparia riparia","Animalia","Chordata","Aves","Passeriformes","Hirundinidae","gbif",10.5,"AVONET","BodySize","mm","TarsusLength"
"Tachycineta bicolor","Animalia","Chordata","Aves","Passeriformes","Hirundinidae","gbif",12.2,"AVONET","BodySize","mm","TarsusLength"
"Molothrus ater","Animalia","Chordata","Aves","Passeriformes","Icteridae","gbif",24.7,"AVONET","BodySize","mm","TarsusLength"
"Quiscalus major","Animalia","Chordata","Aves","Passeriformes","Icteridae","gbif",42.8,"AVONET","BodySize","mm","TarsusLength"
"Lanius ludovicianus","Animalia","Chordata","Aves","Passeriformes","Laniidae","gbif",27.7,"AVONET","BodySize","mm","TarsusLength"
"Malurus splendens","Animalia","Chordata","Aves","Passeriformes","Maluridae","gbif",22.1,"AVONET","BodySize","mm","TarsusLength"
"Toxostoma curvirostre","Animalia","Chordata","Aves","Passeriformes","Mimidae","gbif",32.4,"AVONET","BodySize","mm","TarsusLength"
"Motacilla alba","Animalia","Chordata","Aves","Passeriformes","Motacillidae","gbif",23.4,"AVONET","BodySize","mm","TarsusLength"
"Motacilla cinerea","Animalia","Chordata","Aves","Passeriformes","Motacillidae","gbif",18.2,"AVONET","BodySize","mm","TarsusLength"
"Motacilla flava","Animalia","Chordata","Aves","Passeriformes","Motacillidae","gbif",23.1,"AVONET","BodySize","mm","TarsusLength"
"Erithacus rubecula","Animalia","Chordata","Aves","Passeriformes","Muscicapidae","gbif",24.5,"AVONET","BodySize","mm","TarsusLength"
"Ficedula hypoleuca","Animalia","Chordata","Aves","Passeriformes","Muscicapidae","gbif",17.6,"AVONET","BodySize","mm","TarsusLength"
"Muscicapa striata","Animalia","Chordata","Aves","Passeriformes","Muscicapidae","gbif",14.4,"AVONET","BodySize","mm","TarsusLength"
"Oenanthe oenanthe","Animalia","Chordata","Aves","Passeriformes","Muscicapidae","gbif",27.3,"AVONET","BodySize","mm","TarsusLength"
"Phoenicurus phoenicurus","Animalia","Chordata","Aves","Passeriformes","Muscicapidae","gbif",21.6,"AVONET","BodySize","mm","TarsusLength"
"Cyanistes caeruleus","Animalia","Chordata","Aves","Passeriformes","Paridae","gbif",15.2,"AVONET","BodySize","mm","TarsusLength"
"Parus afer","Animalia","Chordata","Aves","Passeriformes","Paridae","gbif",19.3,"AVONET","BodySize","mm","TarsusLength"
"Parus major","Animalia","Chordata","Aves","Passeriformes","Paridae","gbif",17.4,"AVONET","BodySize","mm","TarsusLength"
"Periparus ater","Animalia","Chordata","Aves","Passeriformes","Paridae","gbif",15.1,"AVONET","BodySize","mm","TarsusLength"
"Poecile atricapillus","Animalia","Chordata","Aves","Passeriformes","Paridae","gbif",16.8,"AVONET","BodySize","mm","TarsusLength"
"Poecile palustris","Animalia","Chordata","Aves","Passeriformes","Paridae","gbif",15.9,"AVONET","BodySize","mm","TarsusLength"
"Parkesia motacilla","Animalia","Chordata","Aves","Passeriformes","Parulidae","gbif",22.3,"AVONET","BodySize","mm","TarsusLength"
"Melospiza melodia","Animalia","Chordata","Aves","Passeriformes","Passerellidae","gbif",21.5,"AVONET","BodySize","mm","TarsusLength"
"Passerculus sandwichensis","Animalia","Chordata","Aves","Passeriformes","Passerellidae","gbif",20.7,"AVONET","BodySize","mm","TarsusLength"
"Zonotrichia leucophrys","Animalia","Chordata","Aves","Passeriformes","Passerellidae","gbif",22.8,"AVONET","BodySize","mm","TarsusLength"
"Passer domesticus","Animalia","Chordata","Aves","Passeriformes","Passeridae","gbif",17.9,"AVONET","BodySize","mm","TarsusLength"
"Passer montanus","Animalia","Chordata","Aves","Passeriformes","Passeridae","gbif",16.4,"AVONET","BodySize","mm","TarsusLength"
"Phylloscopus trochilus","Animalia","Chordata","Aves","Passeriformes","Phylloscopidae","gbif",19.3,"AVONET","BodySize","mm","TarsusLength"
"Prunella modularis","Animalia","Chordata","Aves","Passeriformes","Prunellidae","gbif",20.4,"AVONET","BodySize","mm","TarsusLength"
"Sitta europaea","Animalia","Chordata","Aves","Passeriformes","Sittidae","gbif",20.2,"AVONET","BodySize","mm","TarsusLength"
"Sitta pusilla","Animalia","Chordata","Aves","Passeriformes","Sittidae","gbif",14.8,"AVONET","BodySize","mm","TarsusLength"
"Sturnus vulgaris","Animalia","Chordata","Aves","Passeriformes","Sturnidae","gbif",29,"AVONET","BodySize","mm","TarsusLength"
"Sylvia atricapilla","Animalia","Chordata","Aves","Passeriformes","Sylviidae","gbif",20.8,"AVONET","BodySize","mm","TarsusLength"
"Sylvia communis","Animalia","Chordata","Aves","Passeriformes","Sylviidae","gbif",21.3,"AVONET","BodySize","mm","TarsusLength"
"Sylvia curruca","Animalia","Chordata","Aves","Passeriformes","Sylviidae","gbif",19.1,"AVONET","BodySize","mm","TarsusLength"
"Campylorhynchus brunneicapillus","Animalia","Chordata","Aves","Passeriformes","Troglodytidae","gbif",26.2,"AVONET","BodySize","mm","TarsusLength"
"Troglodytes aedon","Animalia","Chordata","Aves","Passeriformes","Troglodytidae","gbif",20.1,"AVONET","BodySize","mm","TarsusLength"
"Troglodytes troglodytes","Animalia","Chordata","Aves","Passeriformes","Troglodytidae","gbif",17.6,"AVONET","BodySize","mm","TarsusLength"
"Hylocichla mustelina","Animalia","Chordata","Aves","Passeriformes","Turdidae","gbif",32.1,"AVONET","BodySize","mm","TarsusLength"
"Sialia currucoides","Animalia","Chordata","Aves","Passeriformes","Turdidae","gbif",21.9,"AVONET","BodySize","mm","TarsusLength"
"Sialia mexicana","Animalia","Chordata","Aves","Passeriformes","Turdidae","gbif",19.8,"AVONET","BodySize","mm","TarsusLength"
"Sialia sialis","Animalia","Chordata","Aves","Passeriformes","Turdidae","gbif",19.7,"AVONET","BodySize","mm","TarsusLength"
"Turdus merula","Animalia","Chordata","Aves","Passeriformes","Turdidae","gbif",33.6,"AVONET","BodySize","mm","TarsusLength"
"Turdus philomelos","Animalia","Chordata","Aves","Passeriformes","Turdidae","gbif",31.8,"AVONET","BodySize","mm","TarsusLength"
"Turdus viscivorus","Animalia","Chordata","Aves","Passeriformes","Turdidae","gbif",32.7,"AVONET","BodySize","mm","TarsusLength"
"Myiarchus cinerascens","Animalia","Chordata","Aves","Passeriformes","Tyrannidae","gbif",22.4,"AVONET","BodySize","mm","TarsusLength"
"Sayornis nigricans","Animalia","Chordata","Aves","Passeriformes","Tyrannidae","gbif",17.4,"AVONET","BodySize","mm","TarsusLength"
"Vireo atricapilla","Animalia","Chordata","Aves","Passeriformes","Vireonidae","gbif",19.8,"AVONET","BodySize","mm","TarsusLength"
"Vireo griseus","Animalia","Chordata","Aves","Passeriformes","Vireonidae","gbif",19.5,"AVONET","BodySize","mm","TarsusLength"
"Ardea alba","Animalia","Chordata","Aves","Pelecaniformes","Ardeidae","gbif",141.6,"AVONET","BodySize","mm","TarsusLength"
"Ardea cinerea","Animalia","Chordata","Aves","Pelecaniformes","Ardeidae","gbif",137.9,"AVONET","BodySize","mm","TarsusLength"
"Egretta thula","Animalia","Chordata","Aves","Pelecaniformes","Ardeidae","gbif",93.3,"AVONET","BodySize","mm","TarsusLength"
"Nycticorax nycticorax","Animalia","Chordata","Aves","Pelecaniformes","Ardeidae","gbif",69.2,"AVONET","BodySize","mm","TarsusLength"
"Pelecanus erythrorhynchos","Animalia","Chordata","Aves","Pelecaniformes","Pelecanidae","gbif",115.9,"AVONET","BodySize","mm","TarsusLength"
"Eudocimus albus","Animalia","Chordata","Aves","Pelecaniformes","Threskiornithidae","gbif",90.4,"AVONET","BodySize","mm","TarsusLength"
"Plegadis chihi","Animalia","Chordata","Aves","Pelecaniformes","Threskiornithidae","gbif",86.1,"AVONET","BodySize","mm","TarsusLength"
"Plegadis falcinellus","Animalia","Chordata","Aves","Pelecaniformes","Threskiornithidae","gbif",86.4,"AVONET","BodySize","mm","TarsusLength"
"Dendrocopos major","Animalia","Chordata","Aves","Piciformes","Picidae","gbif",23.9,"AVONET","BodySize","mm","TarsusLength"
"Dryocopus pileatus","Animalia","Chordata","Aves","Piciformes","Picidae","gbif",29.3,"AVONET","BodySize","mm","TarsusLength"
"Leuconotopicus borealis","Animalia","Chordata","Aves","Piciformes","Picidae","gbif",21.1,"AVONET","BodySize","mm","TarsusLength"
"Picus viridis","Animalia","Chordata","Aves","Piciformes","Picidae","gbif",29,"AVONET","BodySize","mm","TarsusLength"
"Phoebastria nigripes","Animalia","Chordata","Aves","Procellariiformes","Diomedeidae","gbif",87.4,"AVONET","BodySize","mm","TarsusLength"
"Aegolius funereus","Animalia","Chordata","Aves","Strigiformes","Strigidae","gbif",23.4,"AVONET","BodySize","mm","TarsusLength"
"Asio otus","Animalia","Chordata","Aves","Strigiformes","Strigidae","gbif",40.1,"AVONET","BodySize","mm","TarsusLength"
"Athene cunicularia","Animalia","Chordata","Aves","Strigiformes","Strigidae","gbif",43.4,"AVONET","BodySize","mm","TarsusLength"
"Bubo scandiacus","Animalia","Chordata","Aves","Strigiformes","Strigidae","gbif",62.2,"AVONET","BodySize","mm","TarsusLength"
"Bubo virginianus","Animalia","Chordata","Aves","Strigiformes","Strigidae","gbif",75.4,"AVONET","BodySize","mm","TarsusLength"
"Megascops asio","Animalia","Chordata","Aves","Strigiformes","Strigidae","gbif",35.5,"AVONET","BodySize","mm","TarsusLength"
"Strix aluco","Animalia","Chordata","Aves","Strigiformes","Strigidae","gbif",46.4,"AVONET","BodySize","mm","TarsusLength"
"Strix nebulosa","Animalia","Chordata","Aves","Strigiformes","Strigidae","gbif",60,"AVONET","BodySize","mm","TarsusLength"
"Strix varia","Animalia","Chordata","Aves","Strigiformes","Strigidae","gbif",60.1,"AVONET","BodySize","mm","TarsusLength"
"Tyto alba","Animalia","Chordata","Aves","Strigiformes","Tytonidae","gbif",59.6,"AVONET","BodySize","mm","TarsusLength"
"Phalacrocorax auritus","Animalia","Chordata","Aves","Suliformes","Phalacrocoracidae","gbif",64.2,"AVONET","BodySize","mm","TarsusLength"
"Phalacrocorax pelagicus","Animalia","Chordata","Aves","Suliformes","Phalacrocoracidae","gbif",53.6,"AVONET","BodySize","mm","TarsusLength"
"Morus bassanus","Animalia","Chordata","Aves","Suliformes","Sulidae","gbif",60,"AVONET","BodySize","mm","TarsusLength"
"Abies alba","Plantae","Tracheophyta","Pinopsida","Pinales","Pinaceae","gbif",4691.25043478261,"TRY","MeanBodySize","mm","VegetativeHeight"
"Abies balsamea","Plantae","Tracheophyta","Pinopsida","Pinales","Pinaceae","gbif",420.62976,"TRY","MeanBodySize","mm","VegetativeHeight"
"Abies concolor","Plantae","Tracheophyta","Pinopsida","Pinales","Pinaceae","gbif",4590.65882352941,"TRY","MeanBodySize","mm","VegetativeHeight"
"Abies grandis","Plantae","Tracheophyta","Pinopsida","Pinales","Pinaceae","gbif",2775.08672566372,"TRY","MeanBodySize","mm","VegetativeHeight"
"Abies magnifica","Plantae","Tracheophyta","Pinopsida","Pinales","Pinaceae","gbif",4345.72631578947,"TRY","MeanBodySize","mm","VegetativeHeight"
"Abutilon theophrasti","Plantae","Tracheophyta","Magnoliopsida","Malvales","Malvaceae","gbif",138,"TRY","MeanBodySize","mm","VegetativeHeight"
"Acer negundo","Plantae","Tracheophyta","Magnoliopsida","Sapindales","Sapindaceae","gbif",1179.1040106875,"TRY","MeanBodySize","mm","VegetativeHeight"
"Acer pensylvanicum","Plantae","Tracheophyta","Magnoliopsida","Sapindales","Sapindaceae","gbif",227.372275,"TRY","MeanBodySize","mm","VegetativeHeight"
"Acer platanoides","Plantae","Tracheophyta","Magnoliopsida","Sapindales","Sapindaceae","gbif",2378.03448275862,"TRY","MeanBodySize","mm","VegetativeHeight"
"Acer pseudoplatanus","Plantae","Tracheophyta","Magnoliopsida","Sapindales","Sapindaceae","gbif",1761.1219047619,"TRY","MeanBodySize","mm","VegetativeHeight"
"Acer rubrum","Plantae","Tracheophyta","Magnoliopsida","Sapindales","Sapindaceae","gbif",536.726423357664,"TRY","MeanBodySize","mm","VegetativeHeight"
"Acer saccharinum","Plantae","Tracheophyta","Magnoliopsida","Sapindales","Sapindaceae","gbif",2039.91523809524,"TRY","MeanBodySize","mm","VegetativeHeight"
"Acer saccharum","Plantae","Tracheophyta","Magnoliopsida","Sapindales","Sapindaceae","gbif",270.322903645833,"TRY","MeanBodySize","mm","VegetativeHeight"
"Achillea erba-rotta","Plantae","Tracheophyta","Magnoliopsida","Asterales","Asteraceae","gbif",14,"TRY","MeanBodySize","mm","VegetativeHeight"
"Achillea millefolium","Plantae","Tracheophyta","Magnoliopsida","Asterales","Asteraceae","gbif",22.5434951277808,"TRY","MeanBodySize","mm","VegetativeHeight"
"Achillea ptarmica","Plantae","Tracheophyta","Magnoliopsida","Asterales","Asteraceae","gbif",67.6764705882353,"TRY","MeanBodySize","mm","VegetativeHeight"
"Adenostyles leucophylla","Plantae","Tracheophyta","Magnoliopsida","Asterales","Asteraceae","gbif",32.7931034482759,"TRY","MeanBodySize","mm","VegetativeHeight"
"Aegilops triuncialis","Plantae","Tracheophyta","Liliopsida","Poales","Poaceae","gbif",40,"TRY","MeanBodySize","mm","VegetativeHeight"
"Aethusa cynapium","Plantae","Tracheophyta","Magnoliopsida","Apiales","Apiaceae","gbif",58.59375,"TRY","MeanBodySize","mm","VegetativeHeight"
"Agrimonia eupatoria","Plantae","Tracheophyta","Magnoliopsida","Rosales","Rosaceae","gbif",54.0793103448276,"TRY","MeanBodySize","mm","VegetativeHeight"
"Agrostis rupestris","Plantae","Tracheophyta","Liliopsida","Poales","Poaceae","gbif",8,"TRY","MeanBodySize","mm","VegetativeHeight"
"Agrostis stolonifera","Plantae","Tracheophyta","Liliopsida","Poales","Poaceae","gbif",51.0075555555556,"TRY","MeanBodySize","mm","VegetativeHeight"
"Allium oleraceum","Plantae","Tracheophyta","Liliopsida","Asparagales","Amaryllidaceae","gbif",50.09375,"TRY","MeanBodySize","mm","VegetativeHeight"
"Allium ursinum","Plantae","Tracheophyta","Liliopsida","Asparagales","Amaryllidaceae","gbif",29.2666666666667,"TRY","MeanBodySize","mm","VegetativeHeight"
"Allium vineale","Plantae","Tracheophyta","Liliopsida","Asparagales","Amaryllidaceae","gbif",52.3333333333333,"TRY","MeanBodySize","mm","VegetativeHeight"
"Alnus alnobetula","Plantae","Tracheophyta","Magnoliopsida","Fagales","Betulaceae","gbif",338.716744186047,"TRY","MeanBodySize","mm","VegetativeHeight"
"Alnus glutinosa","Plantae","Tracheophyta","Magnoliopsida","Fagales","Betulaceae","gbif",2211.97183098592,"TRY","MeanBodySize","mm","VegetativeHeight"
"Amphicarpaea bracteata","Plantae","Tracheophyta","Magnoliopsida","Fabales","Fabaceae","gbif",34.3125,"TRY","MeanBodySize","mm","VegetativeHeight"
"Andropogon glomeratus","Plantae","Tracheophyta","Liliopsida","Poales","Poaceae","gbif",192.024,"TRY","MeanBodySize","mm","VegetativeHeight"
"Andropogon virginicus","Plantae","Tracheophyta","Liliopsida","Poales","Poaceae","gbif",42.8927578947368,"TRY","MeanBodySize","mm","VegetativeHeight"
"Angelica sylvestris","Plantae","Tracheophyta","Magnoliopsida","Apiales","Apiaceae","gbif",86.1071428571429,"TRY","MeanBodySize","mm","VegetativeHeight"
"Anthoxanthum odoratum","Plantae","Tracheophyta","Liliopsida","Poales","Poaceae","gbif",24.2282714285974,"TRY","MeanBodySize","mm","VegetativeHeight"
"Anthriscus sylvestris","Plantae","Tracheophyta","Magnoliopsida","Apiales","Apiaceae","gbif",63.5779220779221,"TRY","MeanBodySize","mm","VegetativeHeight"
"Apocynum cannabinum","Plantae","Tracheophyta","Magnoliopsida","Gentianales","Apocynaceae","gbif",65.1860322580645,"TRY","MeanBodySize","mm","VegetativeHeight"
"Aquilegia vulgaris","Plantae","Tracheophyta","Magnoliopsida","Ranunculales","Ranunculaceae","gbif",52,"TRY","MeanBodySize","mm","VegetativeHeight"
"Arabidopsis thaliana","Plantae","Tracheophyta","Magnoliopsida","Brassicales","Brassicaceae","gbif",17.625,"TRY","MeanBodySize","mm","VegetativeHeight"
"Arabis alpina","Plantae","Tracheophyta","Magnoliopsida","Brassicales","Brassicaceae","gbif",8.00952380952381,"TRY","MeanBodySize","mm","VegetativeHeight"
"Arabis hirsuta","Plantae","Tracheophyta","Magnoliopsida","Brassicales","Brassicaceae","gbif",41.125,"TRY","MeanBodySize","mm","VegetativeHeight"
"Arenaria serpyllifolia","Plantae","Tracheophyta","Magnoliopsida","Caryophyllales","Caryophyllaceae","gbif",16.3972972972973,"TRY","MeanBodySize","mm","VegetativeHeight"
"Armeria maritima","Plantae","Tracheophyta","Magnoliopsida","Caryophyllales","Plumbaginaceae","gbif",14.2966,"TRY","MeanBodySize","mm","VegetativeHeight"
"Arnica montana","Plantae","Tracheophyta","Magnoliopsida","Asterales","Asteraceae","gbif",23.3,"TRY","MeanBodySize","mm","VegetativeHeight"
"Artemisia herba-alba","Plantae","Tracheophyta","Magnoliopsida","Asterales","Asteraceae","gbif",22.6333333333333,"TRY","MeanBodySize","mm","VegetativeHeight"
"Atriplex patula","Plantae","Tracheophyta","Magnoliopsida","Caryophyllales","Amaranthaceae","gbif",80.2217391304348,"TRY","MeanBodySize","mm","VegetativeHeight"
"Atriplex prostrata","Plantae","Tracheophyta","Magnoliopsida","Caryophyllales","Amaranthaceae","gbif",60.4761904761905,"TRY","MeanBodySize","mm","VegetativeHeight"
"Avena fatua","Plantae","Tracheophyta","Liliopsida","Poales","Poaceae","gbif",109.3192,"TRY","MeanBodySize","mm","VegetativeHeight"
"Barbarea vulgaris","Plantae","Tracheophyta","Magnoliopsida","Brassicales","Brassicaceae","gbif",54.3035714285714,"TRY","MeanBodySize","mm","VegetativeHeight"
"Bellis perennis","Plantae","Tracheophyta","Magnoliopsida","Asterales","Asteraceae","gbif",7.3264328358209,"TRY","MeanBodySize","mm","VegetativeHeight"
"Betula alleghaniensis","Plantae","Tracheophyta","Magnoliopsida","Fagales","Betulaceae","gbif",291.413229167411,"TRY","MeanBodySize","mm","VegetativeHeight"
"Betula lenta","Plantae","Tracheophyta","Magnoliopsida","Fagales","Betulaceae","gbif",2130.9,"TRY","MeanBodySize","mm","VegetativeHeight"
"Betula papyrifera","Plantae","Tracheophyta","Magnoliopsida","Fagales","Betulaceae","gbif",646.726257668712,"TRY","MeanBodySize","mm","VegetativeHeight"
"Betula populifolia","Plantae","Tracheophyta","Magnoliopsida","Fagales","Betulaceae","gbif",822.808666666667,"TRY","MeanBodySize","mm","VegetativeHeight"
"Brassica nigra","Plantae","Tracheophyta","Magnoliopsida","Brassicales","Brassicaceae","gbif",94.7631578947368,"TRY","MeanBodySize","mm","VegetativeHeight"
"Brassica oleracea","Plantae","Tracheophyta","Magnoliopsida","Brassicales","Brassicaceae","gbif",71.8125,"TRY","MeanBodySize","mm","VegetativeHeight"
"Brassica rapa","Plantae","Tracheophyta","Magnoliopsida","Brassicales","Brassicaceae","gbif",75.7922222222222,"TRY","MeanBodySize","mm","VegetativeHeight"
"Bromus inermis","Plantae","Tracheophyta","Liliopsida","Poales","Poaceae","gbif",76.7264144503651,"TRY","MeanBodySize","mm","VegetativeHeight"
"Bromus sterilis","Plantae","Tracheophyta","Liliopsida","Poales","Poaceae","gbif",45.5441891891892,"TRY","MeanBodySize","mm","VegetativeHeight"
"Bromus tectorum","Plantae","Tracheophyta","Liliopsida","Poales","Poaceae","gbif",30.5435284972335,"TRY","MeanBodySize","mm","VegetativeHeight"
"Calluna vulgaris","Plantae","Tracheophyta","Magnoliopsida","Ericales","Ericaceae","gbif",48.9565,"TRY","MeanBodySize","mm","VegetativeHeight"
"Campanula rotundifolia","Plantae","Tracheophyta","Magnoliopsida","Asterales","Campanulaceae","gbif",16.6099340659048,"TRY","MeanBodySize","mm","VegetativeHeight"
"Campanula trachelium","Plantae","Tracheophyta","Magnoliopsida","Asterales","Campanulaceae","gbif",36.6923076923077,"TRY","MeanBodySize","mm","VegetativeHeight"
"Capsella bursa-pastoris","Plantae","Tracheophyta","Magnoliopsida","Brassicales","Brassicaceae","gbif",22.9943641618497,"TRY","MeanBodySize","mm","VegetativeHeight"
"Cardamine amara","Plantae","Tracheophyta","Magnoliopsida","Brassicales","Brassicaceae","gbif",31.3461538461538,"TRY","MeanBodySize","mm","VegetativeHeight"
"Cardamine hirsuta","Plantae","Tracheophyta","Magnoliopsida","Brassicales","Brassicaceae","gbif",16.6704347826087,"TRY","MeanBodySize","mm","VegetativeHeight"
"Cardamine impatiens","Plantae","Tracheophyta","Magnoliopsida","Brassicales","Brassicaceae","gbif",47.8333333333333,"TRY","MeanBodySize","mm","VegetativeHeight"
"Cardamine pratensis","Plantae","Tracheophyta","Magnoliopsida","Brassicales","Brassicaceae","gbif",29.8365384615385,"TRY","MeanBodySize","mm","VegetativeHeight"
"Cardamine resedifolia","Plantae","Tracheophyta","Magnoliopsida","Brassicales","Brassicaceae","gbif",7.35714285714286,"TRY","MeanBodySize","mm","VegetativeHeight"
"Carduus crispus","Plantae","Tracheophyta","Magnoliopsida","Asterales","Asteraceae","gbif",102.678571428571,"TRY","MeanBodySize","mm","VegetativeHeight"
"Carduus nutans","Plantae","Tracheophyta","Magnoliopsida","Asterales","Asteraceae","gbif",88.4375,"TRY","MeanBodySize","mm","VegetativeHeight"
"Carduus tenuiflorus","Plantae","Tracheophyta","Magnoliopsida","Asterales","Asteraceae","gbif",66.7727272727273,"TRY","MeanBodySize","mm","VegetativeHeight"
"Carex echinata","Plantae","Tracheophyta","Liliopsida","Poales","Cyperaceae","gbif",27.7683333333333,"TRY","MeanBodySize","mm","VegetativeHeight"
"Carex pauciflora","Plantae","Tracheophyta","Liliopsida","Poales","Cyperaceae","gbif",17.4,"TRY","MeanBodySize","mm","VegetativeHeight"
"Carex pilulifera","Plantae","Tracheophyta","Liliopsida","Poales","Cyperaceae","gbif",21.3333333333333,"TRY","MeanBodySize","mm","VegetativeHeight"
"Carex remota","Plantae","Tracheophyta","Liliopsida","Poales","Cyperaceae","gbif",56.0615384615385,"TRY","MeanBodySize","mm","VegetativeHeight"
"Carlina vulgaris","Plantae","Tracheophyta","Magnoliopsida","Asterales","Asteraceae","gbif",16.242,"TRY","MeanBodySize","mm","VegetativeHeight"
"Carpinus betulus","Plantae","Tracheophyta","Magnoliopsida","Fagales","Betulaceae","gbif",2085.21732325,"TRY","MeanBodySize","mm","VegetativeHeight"
"Carpinus caroliniana","Plantae","Tracheophyta","Magnoliopsida","Fagales","Betulaceae","gbif",782.650322580645,"TRY","MeanBodySize","mm","VegetativeHeight"
"Carpobrotus edulis","Plantae","Tracheophyta","Magnoliopsida","Caryophyllales","Aizoaceae","gbif",22.12,"TRY","MeanBodySize","mm","VegetativeHeight"
"Carya cordiformis","Plantae","Tracheophyta","Magnoliopsida","Fagales","Juglandaceae","gbif",3053.97647058824,"TRY","MeanBodySize","mm","VegetativeHeight"
"Centaurea cyanus","Plantae","Tracheophyta","Magnoliopsida","Asterales","Asteraceae","gbif",52.4512195121951,"TRY","MeanBodySize","mm","VegetativeHeight"
"Centaurea scabiosa","Plantae","Tracheophyta","Magnoliopsida","Asterales","Asteraceae","gbif",59.078,"TRY","MeanBodySize","mm","VegetativeHeight"
"Cephalanthera damasonium","Plantae","Tracheophyta","Liliopsida","Asparagales","Orchidaceae","gbif",36.4583333333333,"TRY","MeanBodySize","mm","VegetativeHeight"
"Cerastium arvense","Plantae","Tracheophyta","Magnoliopsida","Caryophyllales","Caryophyllaceae","gbif",7.3044992743106,"TRY","MeanBodySize","mm","VegetativeHeight"
"Cerastium fontanum","Plantae","Tracheophyta","Magnoliopsida","Caryophyllales","Caryophyllaceae","gbif",25.9448474576271,"TRY","MeanBodySize","mm","VegetativeHeight"
"Cerastium pedunculatum","Plantae","Tracheophyta","Magnoliopsida","Caryophyllales","Caryophyllaceae","gbif",5,"TRY","MeanBodySize","mm","VegetativeHeight"
"Cerastium semidecandrum","Plantae","Tracheophyta","Magnoliopsida","Caryophyllales","Caryophyllaceae","gbif",8.20366219960433,"TRY","MeanBodySize","mm","VegetativeHeight"
"Chamaenerion fleischeri","Plantae","Tracheophyta","Magnoliopsida","Myrtales","Onagraceae","gbif",25.3571428571429,"TRY","MeanBodySize","mm","VegetativeHeight"
"Chloris virgata","Plantae","Tracheophyta","Liliopsida","Poales","Poaceae","gbif",62.5,"TRY","MeanBodySize","mm","VegetativeHeight"
"Cichorium intybus","Plantae","Tracheophyta","Magnoliopsida","Asterales","Asteraceae","gbif",74.6516666666667,"TRY","MeanBodySize","mm","VegetativeHeight"
"Cirsium arvense","Plantae","Tracheophyta","Magnoliopsida","Asterales","Asteraceae","gbif",69.199068072381,"TRY","MeanBodySize","mm","VegetativeHeight"
"Cirsium dissectum","Plantae","Tracheophyta","Magnoliopsida","Asterales","Asteraceae","gbif",37.7777777777778,"TRY","MeanBodySize","mm","VegetativeHeight"
"Cirsium palustre","Plantae","Tracheophyta","Magnoliopsida","Asterales","Asteraceae","gbif",111.166666666667,"TRY","MeanBodySize","mm","VegetativeHeight"
"Cirsium spinosissimum","Plantae","Tracheophyta","Magnoliopsida","Asterales","Asteraceae","gbif",36.7857142857143,"TRY","MeanBodySize","mm","VegetativeHeight"
"Cirsium vulgare","Plantae","Tracheophyta","Magnoliopsida","Asterales","Asteraceae","gbif",123.782608695652,"TRY","MeanBodySize","mm","VegetativeHeight"
"Clematis vitalba","Plantae","Tracheophyta","Magnoliopsida","Ranunculales","Ranunculaceae","gbif",1963.15789473684,"TRY","MeanBodySize","mm","VegetativeHeight"
"Conium maculatum","Plantae","Tracheophyta","Magnoliopsida","Apiales","Apiaceae","gbif",177.666666666667,"TRY","MeanBodySize","mm","VegetativeHeight"
"Coronilla minima","Plantae","Tracheophyta","Magnoliopsida","Fabales","Fabaceae","gbif",18.5,"TRY","MeanBodySize","mm","VegetativeHeight"
"Cortaderia selloana","Plantae","Tracheophyta","Liliopsida","Poales","Poaceae","gbif",208.106666666667,"TRY","MeanBodySize","mm","VegetativeHeight"
"Corylus avellana","Plantae","Tracheophyta","Magnoliopsida","Fagales","Betulaceae","gbif",507.26,"TRY","MeanBodySize","mm","VegetativeHeight"
"Crepis biennis","Plantae","Tracheophyta","Magnoliopsida","Asterales","Asteraceae","gbif",54.3669230769231,"TRY","MeanBodySize","mm","VegetativeHeight"
"Crepis capillaris","Plantae","Tracheophyta","Magnoliopsida","Asterales","Asteraceae","gbif",43.0663326454205,"TRY","MeanBodySize","mm","VegetativeHeight"
"Crepis paludosa","Plantae","Tracheophyta","Magnoliopsida","Asterales","Asteraceae","gbif",63.3333333333333,"TRY","MeanBodySize","mm","VegetativeHeight"
"Cynara cardunculus","Plantae","Tracheophyta","Magnoliopsida","Asterales","Asteraceae","gbif",80,"TRY","MeanBodySize","mm","VegetativeHeight"
"Cytisus scoparius","Plantae","Tracheophyta","Magnoliopsida","Fabales","Fabaceae","gbif",174.586363636364,"TRY","MeanBodySize","mm","VegetativeHeight"
"Daphne striata","Plantae","Tracheophyta","Magnoliopsida","Malvales","Thymelaeaceae","gbif",14.6428571428571,"TRY","MeanBodySize","mm","VegetativeHeight"
"Daucus carota","Plantae","Tracheophyta","Magnoliopsida","Apiales","Apiaceae","gbif",50.2503571428571,"TRY","MeanBodySize","mm","VegetativeHeight"
"Dendromecon rigida","Plantae","Tracheophyta","Magnoliopsida","Ranunculales","Papaveraceae","gbif",80,"TRY","MeanBodySize","mm","VegetativeHeight"
"Descurainia sophia","Plantae","Tracheophyta","Magnoliopsida","Brassicales","Brassicaceae","gbif",53,"TRY","MeanBodySize","mm","VegetativeHeight"
"Digitalis purpurea","Plantae","Tracheophyta","Magnoliopsida","Lamiales","Plantaginaceae","gbif",100.385277778,"TRY","MeanBodySize","mm","VegetativeHeight"
"Dipsacus fullonum","Plantae","Tracheophyta","Magnoliopsida","Dipsacales","Caprifoliaceae","gbif",107.8453125,"TRY","MeanBodySize","mm","VegetativeHeight"
"Draba verna","Plantae","Tracheophyta","Magnoliopsida","Brassicales","Brassicaceae","gbif",7.4622641509434,"TRY","MeanBodySize","mm","VegetativeHeight"
"Drosera rotundifolia","Plantae","Tracheophyta","Magnoliopsida","Caryophyllales","Droseraceae","gbif",7.93181818181818,"TRY","MeanBodySize","mm","VegetativeHeight"
"Elymus repens","Plantae","Tracheophyta","Liliopsida","Poales","Poaceae","gbif",67.008690735,"TRY","MeanBodySize","mm","VegetativeHeight"
"Epilobium ciliatum","Plantae","Tracheophyta","Magnoliopsida","Myrtales","Onagraceae","gbif",81.6666666666667,"TRY","MeanBodySize","mm","VegetativeHeight"
"Epilobium hirsutum","Plantae","Tracheophyta","Magnoliopsida","Myrtales","Onagraceae","gbif",136.111111111111,"TRY","MeanBodySize","mm","VegetativeHeight"
"Epilobium montanum","Plantae","Tracheophyta","Magnoliopsida","Myrtales","Onagraceae","gbif",44.5,"TRY","MeanBodySize","mm","VegetativeHeight"
"Epilobium palustre","Plantae","Tracheophyta","Magnoliopsida","Myrtales","Onagraceae","gbif",35.8104166666667,"TRY","MeanBodySize","mm","VegetativeHeight"
"Epilobium parviflorum","Plantae","Tracheophyta","Magnoliopsida","Myrtales","Onagraceae","gbif",52.5652173913044,"TRY","MeanBodySize","mm","VegetativeHeight"
"Erica cinerea","Plantae","Tracheophyta","Magnoliopsida","Ericales","Ericaceae","gbif",49.4318181818182,"TRY","MeanBodySize","mm","VegetativeHeight"
"Erigeron acris","Plantae","Tracheophyta","Magnoliopsida","Asterales","Asteraceae","gbif",25.5333333333333,"TRY","MeanBodySize","mm","VegetativeHeight"
"Erigeron annuus","Plantae","Tracheophyta","Magnoliopsida","Asterales","Asteraceae","gbif",75.108,"TRY","MeanBodySize","mm","VegetativeHeight"
"Erigeron canadensis","Plantae","Tracheophyta","Magnoliopsida","Asterales","Asteraceae","gbif",47.5933333333333,"TRY","MeanBodySize","mm","VegetativeHeight"
"Eriophorum angustifolium","Plantae","Tracheophyta","Liliopsida","Poales","Cyperaceae","gbif",22.5036363636364,"TRY","MeanBodySize","mm","VegetativeHeight"
"Eriophorum latifolium","Plantae","Tracheophyta","Liliopsida","Poales","Cyperaceae","gbif",35.1071428571429,"TRY","MeanBodySize","mm","VegetativeHeight"
"Eriophorum vaginatum","Plantae","Tracheophyta","Liliopsida","Poales","Cyperaceae","gbif",42.3333333333333,"TRY","MeanBodySize","mm","VegetativeHeight"
"Erodium botrys","Plantae","Tracheophyta","Magnoliopsida","Geraniales","Geraniaceae","gbif",10.426,"TRY","MeanBodySize","mm","VegetativeHeight"
"Erodium cicutarium","Plantae","Tracheophyta","Magnoliopsida","Geraniales","Geraniaceae","gbif",24.37951397048,"TRY","MeanBodySize","mm","VegetativeHeight"
"Erodium moschatum","Plantae","Tracheophyta","Magnoliopsida","Geraniales","Geraniaceae","gbif",37.8333333333333,"TRY","MeanBodySize","mm","VegetativeHeight"
"Eschscholzia californica","Plantae","Tracheophyta","Magnoliopsida","Ranunculales","Papaveraceae","gbif",18.7796363636364,"TRY","MeanBodySize","mm","VegetativeHeight"
"Eucalyptus globulus","Plantae","Tracheophyta","Magnoliopsida","Myrtales","Myrtaceae","gbif",2624.535,"TRY","MeanBodySize","mm","VegetativeHeight"
"Eupatorium cannabinum","Plantae","Tracheophyta","Magnoliopsida","Asterales","Asteraceae","gbif",93.695652173913,"TRY","MeanBodySize","mm","VegetativeHeight"
"Euphorbia characias","Plantae","Tracheophyta","Magnoliopsida","Malpighiales","Euphorbiaceae","gbif",86,"TRY","MeanBodySize","mm","VegetativeHeight"
"Fagus grandifolia","Plantae","Tracheophyta","Magnoliopsida","Fagales","Fagaceae","gbif",207.812555831266,"TRY","MeanBodySize","mm","VegetativeHeight"
"Fagus sylvatica","Plantae","Tracheophyta","Magnoliopsida","Fagales","Fagaceae","gbif",1005.06398210291,"TRY","MeanBodySize","mm","VegetativeHeight"
"Fallopia convolvulus","Plantae","Tracheophyta","Magnoliopsida","Caryophyllales","Polygonaceae","gbif",78.4172839506173,"TRY","MeanBodySize","mm","VegetativeHeight"
"Filipendula vulgaris","Plantae","Tracheophyta","Magnoliopsida","Rosales","Rosaceae","gbif",20.809756097561,"TRY","MeanBodySize","mm","VegetativeHeight"
"Fraxinus americana","Plantae","Tracheophyta","Magnoliopsida","Lamiales","Oleaceae","gbif",443.157980769231,"TRY","MeanBodySize","mm","VegetativeHeight"
"Fraxinus excelsior","Plantae","Tracheophyta","Magnoliopsida","Lamiales","Oleaceae","gbif",1532.8357615894,"TRY","MeanBodySize","mm","VegetativeHeight"
"Galinsoga parviflora","Plantae","Tracheophyta","Magnoliopsida","Asterales","Asteraceae","gbif",37.95,"TRY","MeanBodySize","mm","VegetativeHeight"
"Galinsoga quadriradiata","Plantae","Tracheophyta","Magnoliopsida","Asterales","Asteraceae","gbif",34.5,"TRY","MeanBodySize","mm","VegetativeHeight"
"Gentianella germanica","Plantae","Tracheophyta","Magnoliopsida","Gentianales","Gentianaceae","gbif",19.6071428571429,"TRY","MeanBodySize","mm","VegetativeHeight"
"Geranium carolinianum","Plantae","Tracheophyta","Magnoliopsida","Geraniales","Geraniaceae","gbif",20,"TRY","MeanBodySize","mm","VegetativeHeight"
"Geranium maculatum","Plantae","Tracheophyta","Magnoliopsida","Geraniales","Geraniaceae","gbif",37,"TRY","MeanBodySize","mm","VegetativeHeight"
"Geranium molle","Plantae","Tracheophyta","Magnoliopsida","Geraniales","Geraniaceae","gbif",25.519696969697,"TRY","MeanBodySize","mm","VegetativeHeight"
"Geranium purpureum","Plantae","Tracheophyta","Magnoliopsida","Geraniales","Geraniaceae","gbif",29.5,"TRY","MeanBodySize","mm","VegetativeHeight"
"Geranium robertianum","Plantae","Tracheophyta","Magnoliopsida","Geraniales","Geraniaceae","gbif",25.4196078432353,"TRY","MeanBodySize","mm","VegetativeHeight"
"Geranium rotundifolium","Plantae","Tracheophyta","Magnoliopsida","Geraniales","Geraniaceae","gbif",25.0171428571429,"TRY","MeanBodySize","mm","VegetativeHeight"
"Geranium sylvaticum","Plantae","Tracheophyta","Magnoliopsida","Geraniales","Geraniaceae","gbif",31.5029545454545,"TRY","MeanBodySize","mm","VegetativeHeight"
"Geum reptans","Plantae","Tracheophyta","Magnoliopsida","Rosales","Rosaceae","gbif",9.28571428571429,"TRY","MeanBodySize","mm","VegetativeHeight"
"Geum rivale","Plantae","Tracheophyta","Magnoliopsida","Rosales","Rosaceae","gbif",45.1234615384615,"TRY","MeanBodySize","mm","VegetativeHeight"
"Gordonia lasianthus","Plantae","Tracheophyta","Magnoliopsida","Ericales","Theaceae","gbif",1143.72,"TRY","MeanBodySize","mm","VegetativeHeight"
"Hazardia squarrosa","Plantae","Tracheophyta","Magnoliopsida","Asterales","Asteraceae","gbif",80,"TRY","MeanBodySize","mm","VegetativeHeight"
"Helianthus annuus","Plantae","Tracheophyta","Magnoliopsida","Asterales","Asteraceae","gbif",247.038571428571,"TRY","MeanBodySize","mm","VegetativeHeight"
"Helminthotheca echioides","Plantae","Tracheophyta","Magnoliopsida","Asterales","Asteraceae","gbif",52.65625,"TRY","MeanBodySize","mm","VegetativeHeight"
"Heracleum mantegazzianum","Plantae","Tracheophyta","Magnoliopsida","Apiales","Apiaceae","gbif",333.75,"TRY","MeanBodySize","mm","VegetativeHeight"
"Heracleum sphondylium","Plantae","Tracheophyta","Magnoliopsida","Apiales","Apiaceae","gbif",101.032083333333,"TRY","MeanBodySize","mm","VegetativeHeight"
"Hieracium murorum","Plantae","Tracheophyta","Magnoliopsida","Asterales","Asteraceae","gbif",34.1363636363636,"TRY","MeanBodySize","mm","VegetativeHeight"
"Hieracium pilosum","Plantae","Tracheophyta","Magnoliopsida","Asterales","Asteraceae","gbif",15.7142857142857,"TRY","MeanBodySize","mm","VegetativeHeight"
"Holcus lanatus","Plantae","Tracheophyta","Liliopsida","Poales","Poaceae","gbif",45.0464635556818,"TRY","MeanBodySize","mm","VegetativeHeight"
"Hypericum perforatum","Plantae","Tracheophyta","Magnoliopsida","Malpighiales","Hypericaceae","gbif",49.0844739429695,"TRY","MeanBodySize","mm","VegetativeHeight"
"Hypericum tetrapterum","Plantae","Tracheophyta","Magnoliopsida","Malpighiales","Hypericaceae","gbif",46.1666666666667,"TRY","MeanBodySize","mm","VegetativeHeight"
"Hypochaeris radicata","Plantae","Tracheophyta","Magnoliopsida","Asterales","Asteraceae","gbif",22.4626150121065,"TRY","MeanBodySize","mm","VegetativeHeight"
"Impatiens parviflora","Plantae","Tracheophyta","Magnoliopsida","Ericales","Balsaminaceae","gbif",58.8333333333333,"TRY","MeanBodySize","mm","VegetativeHeight"
"Jacobaea erucifolia","Plantae","Tracheophyta","Magnoliopsida","Asterales","Asteraceae","gbif",83.2692307692308,"TRY","MeanBodySize","mm","VegetativeHeight"
"Jasione montana","Plantae","Tracheophyta","Magnoliopsida","Asterales","Campanulaceae","gbif",24.5935611848624,"TRY","MeanBodySize","mm","VegetativeHeight"
"Juglans nigra","Plantae","Tracheophyta","Magnoliopsida","Fagales","Juglandaceae","gbif",3472.06545454545,"TRY","MeanBodySize","mm","VegetativeHeight"
"Juglans regia","Plantae","Tracheophyta","Magnoliopsida","Fagales","Juglandaceae","gbif",1770.8,"TRY","MeanBodySize","mm","VegetativeHeight"
"Juncus bufonius","Plantae","Tracheophyta","Liliopsida","Poales","Juncaceae","gbif",20.8411111111111,"TRY","MeanBodySize","mm","VegetativeHeight"
"Juncus compressus","Plantae","Tracheophyta","Liliopsida","Poales","Juncaceae","gbif",26.75,"TRY","MeanBodySize","mm","VegetativeHeight"
"Juncus effusus","Plantae","Tracheophyta","Liliopsida","Poales","Juncaceae","gbif",59.6430322580645,"TRY","MeanBodySize","mm","VegetativeHeight"
"Juniperus virginiana","Plantae","Tracheophyta","Pinopsida","Pinales","Cupressaceae","gbif",1449.22352941176,"TRY","MeanBodySize","mm","VegetativeHeight"
"Salsola kali","Plantae","Tracheophyta","Magnoliopsida","Caryophyllales","Amaranthaceae","gbif",31.6855263157895,"TRY","MeanBodySize","mm","VegetativeHeight"
"Lactuca serriola","Plantae","Tracheophyta","Magnoliopsida","Asterales","Asteraceae","gbif",114.021739130435,"TRY","MeanBodySize","mm","VegetativeHeight"
"Larix decidua","Plantae","Tracheophyta","Pinopsida","Pinales","Pinaceae","gbif",3513.01555555556,"TRY","MeanBodySize","mm","VegetativeHeight"
"Larix laricina","Plantae","Tracheophyta","Pinopsida","Pinales","Pinaceae","gbif",674.384905660377,"TRY","MeanBodySize","mm","VegetativeHeight"
"Laserpitium latifolium","Plantae","Tracheophyta","Magnoliopsida","Apiales","Apiaceae","gbif",43.1051219512195,"TRY","MeanBodySize","mm","VegetativeHeight"
"Lathyrus vernus","Plantae","Tracheophyta","Magnoliopsida","Fabales","Fabaceae","gbif",18,"TRY","MeanBodySize","mm","VegetativeHeight"
"Leontodon hispidus","Plantae","Tracheophyta","Magnoliopsida","Asterales","Asteraceae","gbif",17.3328470588235,"TRY","MeanBodySize","mm","VegetativeHeight"
"Lepidium campestre","Plantae","Tracheophyta","Magnoliopsida","Brassicales","Brassicaceae","gbif",38.7727272727273,"TRY","MeanBodySize","mm","VegetativeHeight"
"Leucanthemum vulgare","Plantae","Tracheophyta","Magnoliopsida","Asterales","Asteraceae","gbif",36.6027857142857,"TRY","MeanBodySize","mm","VegetativeHeight"
"Linaria alpina","Plantae","Tracheophyta","Magnoliopsida","Lamiales","Plantaginaceae","gbif",5.45945945945946,"TRY","MeanBodySize","mm","VegetativeHeight"
"Linaria vulgaris","Plantae","Tracheophyta","Magnoliopsida","Lamiales","Plantaginaceae","gbif",51.9148936170213,"TRY","MeanBodySize","mm","VegetativeHeight"
"Linum catharticum","Plantae","Tracheophyta","Magnoliopsida","Malpighiales","Linaceae","gbif",12.3047222222222,"TRY","MeanBodySize","mm","VegetativeHeight"
"Liquidambar styraciflua","Plantae","Tracheophyta","Magnoliopsida","Saxifragales","Altingiaceae","gbif",1539.42260869565,"TRY","MeanBodySize","mm","VegetativeHeight"
"Liriodendron tulipifera","Plantae","Tracheophyta","Magnoliopsida","Magnoliales","Magnoliaceae","gbif",3939.75701755263,"TRY","MeanBodySize","mm","VegetativeHeight"
"Lotus dorycnium","Plantae","Tracheophyta","Magnoliopsida","Fabales","Fabaceae","gbif",32.6465517241379,"TRY","MeanBodySize","mm","VegetativeHeight"
"Lunaria annua","Plantae","Tracheophyta","Magnoliopsida","Brassicales","Brassicaceae","gbif",58.6363636363636,"TRY","MeanBodySize","mm","VegetativeHeight"
"Luzula campestris","Plantae","Tracheophyta","Liliopsida","Poales","Juncaceae","gbif",13.2897727272727,"TRY","MeanBodySize","mm","VegetativeHeight"
"Lythrum salicaria","Plantae","Tracheophyta","Magnoliopsida","Myrtales","Lythraceae","gbif",81.7909090909091,"TRY","MeanBodySize","mm","VegetativeHeight"
"Matricaria discoidea","Plantae","Tracheophyta","Magnoliopsida","Asterales","Asteraceae","gbif",13.1258064516129,"TRY","MeanBodySize","mm","VegetativeHeight"
"Melica nutans","Plantae","Tracheophyta","Liliopsida","Poales","Poaceae","gbif",41.8333333333333,"TRY","MeanBodySize","mm","VegetativeHeight"
"Melilotus officinalis","Plantae","Tracheophyta","Magnoliopsida","Fabales","Fabaceae","gbif",77.5065957446809,"TRY","MeanBodySize","mm","VegetativeHeight"
"Mercurialis perennis","Plantae","Tracheophyta","Magnoliopsida","Malpighiales","Euphorbiaceae","gbif",19.5533980582524,"TRY","MeanBodySize","mm","VegetativeHeight"
"Myosotis scorpioides","Plantae","Tracheophyta","Magnoliopsida","Boraginales","Boraginaceae","gbif",40.411,"TRY","MeanBodySize","mm","VegetativeHeight"
"Narthecium ossifragum","Plantae","Tracheophyta","Liliopsida","Dioscoreales","Nartheciaceae","gbif",24.9285714285714,"TRY","MeanBodySize","mm","VegetativeHeight"
"Nepeta cataria","Plantae","Tracheophyta","Magnoliopsida","Lamiales","Lamiaceae","gbif",73.8235294117647,"TRY","MeanBodySize","mm","VegetativeHeight"
"Nyssa aquatica","Plantae","Tracheophyta","Magnoliopsida","Cornales","Nyssaceae","gbif",2723.95555555556,"TRY","MeanBodySize","mm","VegetativeHeight"
"Nyssa sylvatica","Plantae","Tracheophyta","Magnoliopsida","Cornales","Nyssaceae","gbif",1740.88350877193,"TRY","MeanBodySize","mm","VegetativeHeight"
"Odontites vernus","Plantae","Tracheophyta","Magnoliopsida","Lamiales","Orobanchaceae","gbif",44.6875,"TRY","MeanBodySize","mm","VegetativeHeight"
"Oenothera biennis","Plantae","Tracheophyta","Magnoliopsida","Myrtales","Onagraceae","gbif",92.2602127659574,"TRY","MeanBodySize","mm","VegetativeHeight"
"Oxalis acetosella","Plantae","Tracheophyta","Magnoliopsida","Oxalidales","Oxalidaceae","gbif",8.67391304347826,"TRY","MeanBodySize","mm","VegetativeHeight"
"Oxyria digyna","Plantae","Tracheophyta","Magnoliopsida","Caryophyllales","Polygonaceae","gbif",13.7766666666667,"TRY","MeanBodySize","mm","VegetativeHeight"
"Panicum miliaceum","Plantae","Tracheophyta","Liliopsida","Poales","Poaceae","gbif",81.43,"TRY","MeanBodySize","mm","VegetativeHeight"
"Pastinaca sativa","Plantae","Tracheophyta","Magnoliopsida","Apiales","Apiaceae","gbif",68.8166666666667,"TRY","MeanBodySize","mm","VegetativeHeight"
"Pedicularis palustris","Plantae","Tracheophyta","Magnoliopsida","Lamiales","Orobanchaceae","gbif",30.4347826086957,"TRY","MeanBodySize","mm","VegetativeHeight"
"Phacelia tanacetifolia","Plantae","Tracheophyta","Magnoliopsida","Boraginales","Hydrophyllaceae","gbif",63.16,"TRY","MeanBodySize","mm","VegetativeHeight"
"Phytolacca americana","Plantae","Tracheophyta","Magnoliopsida","Caryophyllales","Phytolaccaceae","gbif",241.545818181818,"TRY","MeanBodySize","mm","VegetativeHeight"
"Picea abies","Plantae","Tracheophyta","Pinopsida","Pinales","Pinaceae","gbif",1542.09665463297,"TRY","MeanBodySize","mm","VegetativeHeight"
"Picea glauca","Plantae","Tracheophyta","Pinopsida","Pinales","Pinaceae","gbif",407.844444444444,"TRY","MeanBodySize","mm","VegetativeHeight"
"Picea mariana","Plantae","Tracheophyta","Pinopsida","Pinales","Pinaceae","gbif",351.948034006376,"TRY","MeanBodySize","mm","VegetativeHeight"
"Picea rubens","Plantae","Tracheophyta","Pinopsida","Pinales","Pinaceae","gbif",1799.13965517241,"TRY","MeanBodySize","mm","VegetativeHeight"
"Picea sitchensis","Plantae","Tracheophyta","Pinopsida","Pinales","Pinaceae","gbif",2767.44133333333,"TRY","MeanBodySize","mm","VegetativeHeight"
"Pilosella lactucella","Plantae","Tracheophyta","Magnoliopsida","Asterales","Asteraceae","gbif",7.39722222222222,"TRY","MeanBodySize","mm","VegetativeHeight"
"Pinus albicaulis","Plantae","Tracheophyta","Pinopsida","Pinales","Pinaceae","gbif",1228.07726829268,"TRY","MeanBodySize","mm","VegetativeHeight"
"Pinus banksiana","Plantae","Tracheophyta","Pinopsida","Pinales","Pinaceae","gbif",510.803889789303,"TRY","MeanBodySize","mm","VegetativeHeight"
"Pinus cembra","Plantae","Tracheophyta","Pinopsida","Pinales","Pinaceae","gbif",1578.30188679245,"TRY","MeanBodySize","mm","VegetativeHeight"
"Pinus contorta","Plantae","Tracheophyta","Pinopsida","Pinales","Pinaceae","gbif",759.942448979592,"TRY","MeanBodySize","mm","VegetativeHeight"
"Pinus echinata","Plantae","Tracheophyta","Pinopsida","Pinales","Pinaceae","gbif",3616.28235294118,"TRY","MeanBodySize","mm","VegetativeHeight"
"Pinus elliottii","Plantae","Tracheophyta","Pinopsida","Pinales","Pinaceae","gbif",809.881553398058,"TRY","MeanBodySize","mm","VegetativeHeight"
"Pinus jeffreyi","Plantae","Tracheophyta","Pinopsida","Pinales","Pinaceae","gbif",5025.05454545455,"TRY","MeanBodySize","mm","VegetativeHeight"
"Pinus lambertiana","Plantae","Tracheophyta","Pinopsida","Pinales","Pinaceae","gbif",6165.94,"TRY","MeanBodySize","mm","VegetativeHeight"
"Pinus monticola","Plantae","Tracheophyta","Pinopsida","Pinales","Pinaceae","gbif",2986.68980863509,"TRY","MeanBodySize","mm","VegetativeHeight"
"Pinus palustris","Plantae","Tracheophyta","Pinopsida","Pinales","Pinaceae","gbif",1958.10769230769,"TRY","MeanBodySize","mm","VegetativeHeight"
"Pinus ponderosa","Plantae","Tracheophyta","Pinopsida","Pinales","Pinaceae","gbif",1953.65322864798,"TRY","MeanBodySize","mm","VegetativeHeight"
"Pinus resinosa","Plantae","Tracheophyta","Pinopsida","Pinales","Pinaceae","gbif",2407.84761903571,"TRY","MeanBodySize","mm","VegetativeHeight"
"Pinus rigida","Plantae","Tracheophyta","Pinopsida","Pinales","Pinaceae","gbif",1964.27272727273,"TRY","MeanBodySize","mm","VegetativeHeight"
"Pinus serotina","Plantae","Tracheophyta","Pinopsida","Pinales","Pinaceae","gbif",2144.4,"TRY","MeanBodySize","mm","VegetativeHeight"
"Pinus strobus","Plantae","Tracheophyta","Pinopsida","Pinales","Pinaceae","gbif",3459.65333333333,"TRY","MeanBodySize","mm","VegetativeHeight"
"Pinus sylvestris","Plantae","Tracheophyta","Pinopsida","Pinales","Pinaceae","gbif",1209.5493345289,"TRY","MeanBodySize","mm","VegetativeHeight"
"Pinus taeda","Plantae","Tracheophyta","Pinopsida","Pinales","Pinaceae","gbif",1078.70725388601,"TRY","MeanBodySize","mm","VegetativeHeight"
"Pinus virginiana","Plantae","Tracheophyta","Pinopsida","Pinales","Pinaceae","gbif",2263.32173913043,"TRY","MeanBodySize","mm","VegetativeHeight"
"Plantago major","Plantae","Tracheophyta","Magnoliopsida","Lamiales","Plantaginaceae","gbif",23.171477551,"TRY","MeanBodySize","mm","VegetativeHeight"
"Plantago patagonica","Plantae","Tracheophyta","Magnoliopsida","Lamiales","Plantaginaceae","gbif",15.24,"TRY","MeanBodySize","mm","VegetativeHeight"
"Platanus occidentalis","Plantae","Tracheophyta","Magnoliopsida","Proteales","Platanaceae","gbif",3741.44761904762,"TRY","MeanBodySize","mm","VegetativeHeight"
"Poa alpina","Plantae","Tracheophyta","Liliopsida","Poales","Poaceae","gbif",18.0756721311475,"TRY","MeanBodySize","mm","VegetativeHeight"
"Poa annua","Plantae","Tracheophyta","Liliopsida","Poales","Poaceae","gbif",17.5590128205128,"TRY","MeanBodySize","mm","VegetativeHeight"
"Poa nemoralis","Plantae","Tracheophyta","Liliopsida","Poales","Poaceae","gbif",44.2536842105263,"TRY","MeanBodySize","mm","VegetativeHeight"
"Poa pratensis","Plantae","Tracheophyta","Liliopsida","Poales","Poaceae","gbif",30.337129563935,"TRY","MeanBodySize","mm","VegetativeHeight"
"Polygala vulgaris","Plantae","Tracheophyta","Magnoliopsida","Fabales","Polygalaceae","gbif",14.4261904761905,"TRY","MeanBodySize","mm","VegetativeHeight"
"Populus balsamifera","Plantae","Tracheophyta","Magnoliopsida","Malpighiales","Salicaceae","gbif",2170.74594594595,"TRY","MeanBodySize","mm","VegetativeHeight"
"Populus deltoides","Plantae","Tracheophyta","Magnoliopsida","Malpighiales","Salicaceae","gbif",3385.76,"TRY","MeanBodySize","mm","VegetativeHeight"
"Populus grandidentata","Plantae","Tracheophyta","Magnoliopsida","Malpighiales","Salicaceae","gbif",1604.41739130435,"TRY","MeanBodySize","mm","VegetativeHeight"
"Populus tremuloides","Plantae","Tracheophyta","Magnoliopsida","Malpighiales","Salicaceae","gbif",692.486503067485,"TRY","MeanBodySize","mm","VegetativeHeight"
"Potentilla argentea","Plantae","Tracheophyta","Magnoliopsida","Rosales","Rosaceae","gbif",26.0571428571429,"TRY","MeanBodySize","mm","VegetativeHeight"
"Potentilla erecta","Plantae","Tracheophyta","Magnoliopsida","Rosales","Rosaceae","gbif",18.6378461538462,"TRY","MeanBodySize","mm","VegetativeHeight"
"Potentilla reptans","Plantae","Tracheophyta","Magnoliopsida","Rosales","Rosaceae","gbif",26.4381578947368,"TRY","MeanBodySize","mm","VegetativeHeight"
"Primula elatior","Plantae","Tracheophyta","Magnoliopsida","Ericales","Primulaceae","gbif",15.0434782608696,"TRY","MeanBodySize","mm","VegetativeHeight"
"Primula veris","Plantae","Tracheophyta","Magnoliopsida","Ericales","Primulaceae","gbif",15.2301333333333,"TRY","MeanBodySize","mm","VegetativeHeight"
"Prunus avium","Plantae","Tracheophyta","Magnoliopsida","Rosales","Rosaceae","gbif",1855.44642857143,"TRY","MeanBodySize","mm","VegetativeHeight"
"Prunus serotina","Plantae","Tracheophyta","Magnoliopsida","Rosales","Rosaceae","gbif",1266.45542168675,"TRY","MeanBodySize","mm","VegetativeHeight"
"Pseudotsuga menziesii","Plantae","Tracheophyta","Pinopsida","Pinales","Pinaceae","gbif",4004.35833090801,"TRY","MeanBodySize","mm","VegetativeHeight"
"Pulicaria dysenterica","Plantae","Tracheophyta","Magnoliopsida","Asterales","Asteraceae","gbif",45.4117647058824,"TRY","MeanBodySize","mm","VegetativeHeight"
"Purshia tridentata","Plantae","Tracheophyta","Magnoliopsida","Rosales","Rosaceae","gbif",162.304,"TRY","MeanBodySize","mm","VegetativeHeight"
"Quercus alba","Plantae","Tracheophyta","Magnoliopsida","Fagales","Fagaceae","gbif",2720.95135135135,"TRY","MeanBodySize","mm","VegetativeHeight"
"Quercus ilex","Plantae","Tracheophyta","Magnoliopsida","Fagales","Fagaceae","gbif",60.6409895928428,"TRY","MeanBodySize","mm","VegetativeHeight"
"Quercus macrocarpa","Plantae","Tracheophyta","Magnoliopsida","Fagales","Fagaceae","gbif",1812.38666665789,"TRY","MeanBodySize","mm","VegetativeHeight"
"Quercus muehlenbergii","Plantae","Tracheophyta","Magnoliopsida","Fagales","Fagaceae","gbif",2126.60952378571,"TRY","MeanBodySize","mm","VegetativeHeight"
"Quercus palustris","Plantae","Tracheophyta","Magnoliopsida","Fagales","Fagaceae","gbif",2829.74344827586,"TRY","MeanBodySize","mm","VegetativeHeight"
"Quercus petraea","Plantae","Tracheophyta","Magnoliopsida","Fagales","Fagaceae","gbif",2754.81109756098,"TRY","MeanBodySize","mm","VegetativeHeight"
"Quercus rubra","Plantae","Tracheophyta","Magnoliopsida","Fagales","Fagaceae","gbif",1038.8255862069,"TRY","MeanBodySize","mm","VegetativeHeight"
"Quercus suber","Plantae","Tracheophyta","Magnoliopsida","Fagales","Fagaceae","gbif",1571.42857142857,"TRY","MeanBodySize","mm","VegetativeHeight"
"Quercus velutina","Plantae","Tracheophyta","Magnoliopsida","Fagales","Fagaceae","gbif",3091.46807015789,"TRY","MeanBodySize","mm","VegetativeHeight"
"Ranunculus acris","Plantae","Tracheophyta","Magnoliopsida","Ranunculales","Ranunculaceae","gbif",23.763982300885,"TRY","MeanBodySize","mm","VegetativeHeight"
"Ranunculus sceleratus","Plantae","Tracheophyta","Magnoliopsida","Ranunculales","Ranunculaceae","gbif",40.7589473684211,"TRY","MeanBodySize","mm","VegetativeHeight"
"Raphanus raphanistrum","Plantae","Tracheophyta","Magnoliopsida","Brassicales","Brassicaceae","gbif",50.7148936170213,"TRY","MeanBodySize","mm","VegetativeHeight"
"Raphanus sativus","Plantae","Tracheophyta","Magnoliopsida","Brassicales","Brassicaceae","gbif",42.9555555555556,"TRY","MeanBodySize","mm","VegetativeHeight"
"Reseda lutea","Plantae","Tracheophyta","Magnoliopsida","Brassicales","Resedaceae","gbif",44.7619047619048,"TRY","MeanBodySize","mm","VegetativeHeight"
"Rhamnus alaternus","Plantae","Tracheophyta","Magnoliopsida","Rosales","Rhamnaceae","gbif",269.28,"TRY","MeanBodySize","mm","VegetativeHeight"
"Rhinanthus minor","Plantae","Tracheophyta","Magnoliopsida","Lamiales","Orobanchaceae","gbif",30.092972972973,"TRY","MeanBodySize","mm","VegetativeHeight"
"Rhododendron ferrugineum","Plantae","Tracheophyta","Magnoliopsida","Ericales","Ericaceae","gbif",46.6666666666667,"TRY","MeanBodySize","mm","VegetativeHeight"
"Rubus idaeus","Plantae","Tracheophyta","Magnoliopsida","Rosales","Rosaceae","gbif",117.176829268293,"TRY","MeanBodySize","mm","VegetativeHeight"
"Rubus spectabilis","Plantae","Tracheophyta","Magnoliopsida","Rosales","Rosaceae","gbif",292.468571428571,"TRY","MeanBodySize","mm","VegetativeHeight"
"Rumex acetosa","Plantae","Tracheophyta","Magnoliopsida","Caryophyllales","Polygonaceae","gbif",25.6685947712418,"TRY","MeanBodySize","mm","VegetativeHeight"
"Rumex crispus","Plantae","Tracheophyta","Magnoliopsida","Caryophyllales","Polygonaceae","gbif",84.6479166666667,"TRY","MeanBodySize","mm","VegetativeHeight"
"Rumex hydrolapathum","Plantae","Tracheophyta","Magnoliopsida","Caryophyllales","Polygonaceae","gbif",164.090909090909,"TRY","MeanBodySize","mm","VegetativeHeight"
"Rumex obtusifolius","Plantae","Tracheophyta","Magnoliopsida","Caryophyllales","Polygonaceae","gbif",59.875988372093,"TRY","MeanBodySize","mm","VegetativeHeight"
"Rumex scutatus","Plantae","Tracheophyta","Magnoliopsida","Caryophyllales","Polygonaceae","gbif",30.2057894736842,"TRY","MeanBodySize","mm","VegetativeHeight"
"Sagina saginoides","Plantae","Tracheophyta","Magnoliopsida","Caryophyllales","Caryophyllaceae","gbif",5.62018181818182,"TRY","MeanBodySize","mm","VegetativeHeight"
"Sanguinaria canadensis","Plantae","Tracheophyta","Magnoliopsida","Ranunculales","Papaveraceae","gbif",20.4444444444444,"TRY","MeanBodySize","mm","VegetativeHeight"
"Poterium sanguisorba","Plantae","Tracheophyta","Magnoliopsida","Rosales","Rosaceae","gbif",14.2784147665472,"TRY","MeanBodySize","mm","VegetativeHeight"
"Sanguisorba officinalis","Plantae","Tracheophyta","Magnoliopsida","Rosales","Rosaceae","gbif",58.4302631578947,"TRY","MeanBodySize","mm","VegetativeHeight"
"Saponaria officinalis","Plantae","Tracheophyta","Magnoliopsida","Caryophyllales","Caryophyllaceae","gbif",57.555619047619,"TRY","MeanBodySize","mm","VegetativeHeight"
"Sassafras albidum","Plantae","Tracheophyta","Magnoliopsida","Laurales","Lauraceae","gbif",895.293913043478,"TRY","MeanBodySize","mm","VegetativeHeight"
"Scabiosa columbaria","Plantae","Tracheophyta","Magnoliopsida","Dipsacales","Caprifoliaceae","gbif",16.8561611374408,"TRY","MeanBodySize","mm","VegetativeHeight"
"Scleranthus annuus","Plantae","Tracheophyta","Magnoliopsida","Caryophyllales","Caryophyllaceae","gbif",10.3753333333333,"TRY","MeanBodySize","mm","VegetativeHeight"
"Scrophularia nodosa","Plantae","Tracheophyta","Magnoliopsida","Lamiales","Scrophulariaceae","gbif",72.9411764705882,"TRY","MeanBodySize","mm","VegetativeHeight"
"Senecio sylvaticus","Plantae","Tracheophyta","Magnoliopsida","Asterales","Asteraceae","gbif",52.8125,"TRY","MeanBodySize","mm","VegetativeHeight"
"Senecio vulgaris","Plantae","Tracheophyta","Magnoliopsida","Asterales","Asteraceae","gbif",39.8683333333333,"TRY","MeanBodySize","mm","VegetativeHeight"
"Sequoia sempervirens","Plantae","Tracheophyta","Pinopsida","Pinales","Cupressaceae","gbif",7687.74328358209,"TRY","MeanBodySize","mm","VegetativeHeight"
"Sequoiadendron giganteum","Plantae","Tracheophyta","Pinopsida","Pinales","Cupressaceae","gbif",5479.9023255814,"TRY","MeanBodySize","mm","VegetativeHeight"
"Serratula tinctoria","Plantae","Tracheophyta","Magnoliopsida","Asterales","Asteraceae","gbif",24.857,"TRY","MeanBodySize","mm","VegetativeHeight"
"Setaria parviflora","Plantae","Tracheophyta","Liliopsida","Poales","Poaceae","gbif",31.6785714285714,"TRY","MeanBodySize","mm","VegetativeHeight"
"Silene dioica","Plantae","Tracheophyta","Magnoliopsida","Caryophyllales","Caryophyllaceae","gbif",35.0725,"TRY","MeanBodySize","mm","VegetativeHeight"
"Silene flos-cuculi","Plantae","Tracheophyta","Magnoliopsida","Caryophyllales","Caryophyllaceae","gbif",28.5818181818182,"TRY","MeanBodySize","mm","VegetativeHeight"
"Silene vulgaris","Plantae","Tracheophyta","Magnoliopsida","Caryophyllales","Caryophyllaceae","gbif",38.7983333333333,"TRY","MeanBodySize","mm","VegetativeHeight"
"Sinapis arvensis","Plantae","Tracheophyta","Magnoliopsida","Brassicales","Brassicaceae","gbif",53.9130434782609,"TRY","MeanBodySize","mm","VegetativeHeight"
"Sisymbrium altissimum","Plantae","Tracheophyta","Magnoliopsida","Brassicales","Brassicaceae","gbif",70.4772727272727,"TRY","MeanBodySize","mm","VegetativeHeight"
"Solidago canadensis","Plantae","Tracheophyta","Magnoliopsida","Asterales","Asteraceae","gbif",82.908943577431,"TRY","MeanBodySize","mm","VegetativeHeight"
"Solidago gigantea","Plantae","Tracheophyta","Magnoliopsida","Asterales","Asteraceae","gbif",90.0768315411828,"TRY","MeanBodySize","mm","VegetativeHeight"
"Solidago virgaurea","Plantae","Tracheophyta","Magnoliopsida","Asterales","Asteraceae","gbif",22.1804347826087,"TRY","MeanBodySize","mm","VegetativeHeight"
"Sonchus arvensis","Plantae","Tracheophyta","Magnoliopsida","Asterales","Asteraceae","gbif",112.321428571429,"TRY","MeanBodySize","mm","VegetativeHeight"
"Sonchus asper","Plantae","Tracheophyta","Magnoliopsida","Asterales","Asteraceae","gbif",49.2844776119403,"TRY","MeanBodySize","mm","VegetativeHeight"
"Sonchus oleraceus","Plantae","Tracheophyta","Magnoliopsida","Asterales","Asteraceae","gbif",94.6353571428571,"TRY","MeanBodySize","mm","VegetativeHeight"
"Sorghum halepense","Plantae","Tracheophyta","Liliopsida","Poales","Poaceae","gbif",124.029545454545,"TRY","MeanBodySize","mm","VegetativeHeight"
"Spergularia marina","Plantae","Tracheophyta","Magnoliopsida","Caryophyllales","Caryophyllaceae","gbif",14.3333333333333,"TRY","MeanBodySize","mm","VegetativeHeight"
"Spergularia rubra","Plantae","Tracheophyta","Magnoliopsida","Caryophyllales","Caryophyllaceae","gbif",12.95,"TRY","MeanBodySize","mm","VegetativeHeight"
"Sporobolus airoides","Plantae","Tracheophyta","Liliopsida","Poales","Poaceae","gbif",91.44,"TRY","MeanBodySize","mm","VegetativeHeight"
"Stellaria graminea","Plantae","Tracheophyta","Magnoliopsida","Caryophyllales","Caryophyllaceae","gbif",41.5629787234043,"TRY","MeanBodySize","mm","VegetativeHeight"
"Stellaria media","Plantae","Tracheophyta","Magnoliopsida","Caryophyllales","Caryophyllaceae","gbif",31.7183720930233,"TRY","MeanBodySize","mm","VegetativeHeight"
"Hesperostipa comata","Plantae","Tracheophyta","Liliopsida","Poales","Poaceae","gbif",28.2028571428571,"TRY","MeanBodySize","mm","VegetativeHeight"
"Tanacetum vulgare","Plantae","Tracheophyta","Magnoliopsida","Asterales","Asteraceae","gbif",78.4904761904762,"TRY","MeanBodySize","mm","VegetativeHeight"
"Taxodium distichum","Plantae","Tracheophyta","Pinopsida","Pinales","Cupressaceae","gbif",3546.24888888889,"TRY","MeanBodySize","mm","VegetativeHeight"
"Thuja occidentalis","Plantae","Tracheophyta","Pinopsida","Pinales","Cupressaceae","gbif",1954.59459459459,"TRY","MeanBodySize","mm","VegetativeHeight"
"Tilia americana","Plantae","Tracheophyta","Magnoliopsida","Malvales","Malvaceae","gbif",1668.80901408451,"TRY","MeanBodySize","mm","VegetativeHeight"
"Tilia cordata","Plantae","Tracheophyta","Magnoliopsida","Malvales","Malvaceae","gbif",2433.99111111111,"TRY","MeanBodySize","mm","VegetativeHeight"
"Tilia platyphyllos","Plantae","Tracheophyta","Magnoliopsida","Malvales","Malvaceae","gbif",3233.33333333333,"TRY","MeanBodySize","mm","VegetativeHeight"
"Torilis japonica","Plantae","Tracheophyta","Magnoliopsida","Apiales","Apiaceae","gbif",59.0916666666667,"TRY","MeanBodySize","mm","VegetativeHeight"
"Toxicodendron radicans","Plantae","Tracheophyta","Magnoliopsida","Sapindales","Anacardiaceae","gbif",829.1,"TRY","MeanBodySize","mm","VegetativeHeight"
"Tragopogon porrifolius","Plantae","Tracheophyta","Magnoliopsida","Asterales","Asteraceae","gbif",63.4575,"TRY","MeanBodySize","mm","VegetativeHeight"
"Tragopogon pratensis","Plantae","Tracheophyta","Magnoliopsida","Asterales","Asteraceae","gbif",38.9166666666667,"TRY","MeanBodySize","mm","VegetativeHeight"
"Trifolium arvense","Plantae","Tracheophyta","Magnoliopsida","Fabales","Fabaceae","gbif",18.5547636027221,"TRY","MeanBodySize","mm","VegetativeHeight"
"Trifolium badium","Plantae","Tracheophyta","Magnoliopsida","Fabales","Fabaceae","gbif",12.8636363636364,"TRY","MeanBodySize","mm","VegetativeHeight"
"Trifolium dubium","Plantae","Tracheophyta","Magnoliopsida","Fabales","Fabaceae","gbif",25.3991692186801,"TRY","MeanBodySize","mm","VegetativeHeight"
"Triglochin maritima","Plantae","Tracheophyta","Liliopsida","Alismatales","Juncaginaceae","gbif",17.4838709677419,"TRY","MeanBodySize","mm","VegetativeHeight"
"Triglochin palustris","Plantae","Tracheophyta","Liliopsida","Alismatales","Juncaginaceae","gbif",35.4166666666667,"TRY","MeanBodySize","mm","VegetativeHeight"
"Trillium grandiflorum","Plantae","Tracheophyta","Liliopsida","Liliales","Melanthiaceae","gbif",24.2,"TRY","MeanBodySize","mm","VegetativeHeight"
"Tsuga canadensis","Plantae","Tracheophyta","Pinopsida","Pinales","Pinaceae","gbif",2879.46742857143,"TRY","MeanBodySize","mm","VegetativeHeight"
"Tsuga heterophylla","Plantae","Tracheophyta","Pinopsida","Pinales","Pinaceae","gbif",3795.49348837209,"TRY","MeanBodySize","mm","VegetativeHeight"
"Tussilago farfara","Plantae","Tracheophyta","Magnoliopsida","Asterales","Asteraceae","gbif",22.3444444444444,"TRY","MeanBodySize","mm","VegetativeHeight"
"Typha angustifolia","Plantae","Tracheophyta","Liliopsida","Poales","Typhaceae","gbif",206.310857142857,"TRY","MeanBodySize","mm","VegetativeHeight"
"Typha latifolia","Plantae","Tracheophyta","Liliopsida","Poales","Typhaceae","gbif",179.763636363636,"TRY","MeanBodySize","mm","VegetativeHeight"
"Ulex europaeus","Plantae","Tracheophyta","Magnoliopsida","Fabales","Fabaceae","gbif",158.064516129032,"TRY","MeanBodySize","mm","VegetativeHeight"
"Ulmus americana","Plantae","Tracheophyta","Magnoliopsida","Rosales","Ulmaceae","gbif",459.087205882353,"TRY","MeanBodySize","mm","VegetativeHeight"
"Ulmus glabra","Plantae","Tracheophyta","Magnoliopsida","Rosales","Ulmaceae","gbif",3422.76595744681,"TRY","MeanBodySize","mm","VegetativeHeight"
"Valeriana dioica","Plantae","Tracheophyta","Magnoliopsida","Dipsacales","Caprifoliaceae","gbif",24.0818181818182,"TRY","MeanBodySize","mm","VegetativeHeight"
"Valeriana officinalis","Plantae","Tracheophyta","Magnoliopsida","Dipsacales","Caprifoliaceae","gbif",84.8619047619048,"TRY","MeanBodySize","mm","VegetativeHeight"
"Verbascum thapsus","Plantae","Tracheophyta","Magnoliopsida","Lamiales","Scrophulariaceae","gbif",85.7975490183333,"TRY","MeanBodySize","mm","VegetativeHeight"
"Veronica arvensis","Plantae","Tracheophyta","Magnoliopsida","Lamiales","Plantaginaceae","gbif",14.0616761303977,"TRY","MeanBodySize","mm","VegetativeHeight"
"Viola blanda","Plantae","Tracheophyta","Magnoliopsida","Malpighiales","Violaceae","gbif",8,"TRY","MeanBodySize","mm","VegetativeHeight"
"Viola canina","Plantae","Tracheophyta","Magnoliopsida","Malpighiales","Violaceae","gbif",34.4214285714286,"TRY","MeanBodySize","mm","VegetativeHeight"
"Viola odorata","Plantae","Tracheophyta","Magnoliopsida","Malpighiales","Violaceae","gbif",18.5416666666667,"TRY","MeanBodySize","mm","VegetativeHeight"
"Viola pubescens","Plantae","Tracheophyta","Magnoliopsida","Malpighiales","Violaceae","gbif",24.8624,"TRY","MeanBodySize","mm","VegetativeHeight"
"Viola riviniana","Plantae","Tracheophyta","Magnoliopsida","Malpighiales","Violaceae","gbif",15.3620689655172,"TRY","MeanBodySize","mm","VegetativeHeight"
"Viola sororia","Plantae","Tracheophyta","Magnoliopsida","Malpighiales","Violaceae","gbif",13.3813333333333,"TRY","MeanBodySize","mm","VegetativeHeight"
