"reported_name","reported_name_fixed","scientificName","kingdom","phylum","class","order","family","db","db_code","HandWingIndex","KippsDistance","Database","Unit"
"Accipiter cooperii","Accipiter cooperii","Accipiter cooperii","Animalia","Chordata","Aves","Accipitriformes","Accipitridae","gbif","GBIF:2480621",32.3,77.8,"AVONET","mm"
"Accipiter gentilis","Accipiter gentilis","Accipiter gentilis","Animalia","Chordata","Aves","Accipitriformes","Accipitridae","gbif","GBIF:2480589",36.3,122.6,"AVONET","mm"
"Accipiter nisus","Accipiter nisus","Accipiter nisus","Animalia","Chordata","Aves","Accipitriformes","Accipitridae","gbif","GBIF:2480637",35.5,74.2,"AVONET","mm"
"Aquila chrysaetos","Aquila chrysaetos","Aquila chrysaetos","Animalia","Chordata","Aves","Accipitriformes","Accipitridae","gbif","GBIF:2480506",36.7,221.2,"AVONET","mm"
"Buteo buteo","Buteo buteo","Buteo buteo","Animalia","Chordata","Aves","Accipitriformes","Accipitridae","gbif","GBIF:2480537",38.3,147.2,"AVONET","mm"
"Buteo jamaicensis","Buteo jamaicensis","Buteo jamaicensis","Animalia","Chordata","Aves","Accipitriformes","Accipitridae","gbif","GBIF:2480542",34.1,139.9,"AVONET","mm"
"Buteo lineatus","Buteo lineatus","Buteo lineatus","Animalia","Chordata","Aves","Accipitriformes","Accipitridae","gbif","GBIF:2480529",33.4,106.9,"AVONET","mm"
"Buteo regalis","Buteo regalis","Buteo regalis","Animalia","Chordata","Aves","Accipitriformes","Accipitridae","gbif","GBIF:2480566",41.3,179.2,"AVONET","mm"
"Buteo swainsoni","Buteo swainsoni","Buteo swainsoni","Animalia","Chordata","Aves","Accipitriformes","Accipitridae","gbif","GBIF:2480562",46.6,175.2,"AVONET","mm"
"Circus cyaneus","Circus cyaneus","Circus cyaneus","Animalia","Chordata","Aves","Accipitriformes","Accipitridae","gbif","GBIF:2480487",44.7,158.9,"AVONET","mm"
"Circus hudsonius","Circus hudsonius","Circus cyaneus","Animalia","Chordata","Aves","Accipitriformes","Accipitridae","gbif","GBIF:2480487",44.6,161.1,"AVONET","mm"
"Elanus leucurus","Elanus leucurus","Elanus leucurus","Animalia","Chordata","Aves","Accipitriformes","Accipitridae","gbif","GBIF:2480367",41.5,120.3,"AVONET","mm"
"Haliaeetus leucocephalus","Haliaeetus leucocephalus","Haliaeetus leucocephalus","Animalia","Chordata","Aves","Accipitriformes","Accipitridae","gbif","GBIF:2480446",41.4,248.8,"AVONET","mm"
"Parabuteo unicinctus","Parabuteo unicinctus","Parabuteo unicinctus","Animalia","Chordata","Aves","Accipitriformes","Accipitridae","gbif","GBIF:2480410",30.8,99.8,"AVONET","mm"
"Pandion haliaetus","Pandion haliaetus","Pandion haliaetus","Animalia","Chordata","Aves","Accipitriformes","Pandionidae","gbif","GBIF:2480726",44.9,204.8,"AVONET","mm"
"Aix sponsa","Aix sponsa","Aix sponsa","Animalia","Chordata","Aves","Anseriformes","Anatidae","gbif","GBIF:2498387",49.4,108.5,"AVONET","mm"
"Anas acuta","Anas acuta","Anas acuta","Animalia","Chordata","Aves","Anseriformes","Anatidae","gbif","GBIF:2498112",57.8,148.4,"AVONET","mm"
"Anas platyrhynchos","Anas platyrhynchos","Anas platyrhynchos","Animalia","Chordata","Aves","Anseriformes","Anatidae","gbif","GBIF:9761484",50.7,133.5,"AVONET","mm"
"Aythya affinis","Aythya affinis","Aythya affinis","Animalia","Chordata","Aves","Anseriformes","Anatidae","gbif","GBIF:2498257",51,101,"AVONET","mm"
"Branta bernicla","Branta bernicla","Branta bernicla","Animalia","Chordata","Aves","Anseriformes","Anatidae","gbif","GBIF:5232446",52.3,167.7,"AVONET","mm"
"Branta canadensis","Branta canadensis","Branta canadensis","Animalia","Chordata","Aves","Anseriformes","Anatidae","gbif","GBIF:5232437",49.4,206.5,"AVONET","mm"
"Bucephala albeola","Bucephala albeola","Bucephala albeola","Animalia","Chordata","Aves","Anseriformes","Anatidae","gbif","GBIF:2498329",47.4,75,"AVONET","mm"
"Bucephala clangula","Bucephala clangula","Bucephala clangula","Animalia","Chordata","Aves","Anseriformes","Anatidae","gbif","GBIF:2498326",51.4,105.4,"AVONET","mm"
"Cygnus buccinator","Cygnus buccinator","Cygnus buccinator","Animalia","Chordata","Aves","Anseriformes","Anatidae","gbif","GBIF:2498345",42.7,267,"AVONET","mm"
"Cygnus olor","Cygnus olor","Cygnus olor","Animalia","Chordata","Aves","Anseriformes","Anatidae","gbif","GBIF:2498343",42.1,244.9,"AVONET","mm"
"Lophodytes cucullatus","Lophodytes cucullatus","Lophodytes cucullatus","Animalia","Chordata","Aves","Anseriformes","Anatidae","gbif","GBIF:2498408",50.9,95,"AVONET","mm"
"Mergus merganser","Mergus merganser","Mergus merganser","Animalia","Chordata","Aves","Anseriformes","Anatidae","gbif","GBIF:9537647",46,123.8,"AVONET","mm"
"Somateria spectabilis","Somateria spectabilis","Somateria spectabilis","Animalia","Chordata","Aves","Anseriformes","Anatidae","gbif","GBIF:2498350",48.9,130.8,"AVONET","mm"
"Apus apus","Apus apus","Apus apus","Animalia","Chordata","Aves","Apodiformes","Apodidae","gbif","GBIF:5228676",71.6,120.2,"AVONET","mm"
"Cathartes aura","Cathartes aura","Cathartes aura","Animalia","Chordata","Aves","Accipitriformes","Cathartidae","gbif","GBIF:2481930",26.9,135.6,"AVONET","mm"
"Alca torda","Alca torda","Alca torda","Animalia","Chordata","Aves","Charadriiformes","Alcidae","gbif","GBIF:8277073",56.8,116.5,"AVONET","mm"
"Uria aalge","Uria aalge","Uria aalge","Animalia","Chordata","Aves","Charadriiformes","Alcidae","gbif","GBIF:2481342",57.5,111.2,"AVONET","mm"
"Charadrius melodus","Charadrius melodus","Charadrius melodus","Animalia","Chordata","Aves","Charadriiformes","Charadriidae","gbif","GBIF:2480283",54.5,62.8,"AVONET","mm"
"Haematopus palliatus","Haematopus palliatus","Haematopus palliatus","Animalia","Chordata","Aves","Charadriiformes","Haematopodidae","gbif","GBIF:2480273",48,117.5,"AVONET","mm"
"Chlidonias niger","Chlidonias niger","Chlidonias niger","Animalia","Chordata","Aves","Charadriiformes","Laridae","gbif","GBIF:2481119",62.1,123.7,"AVONET","mm"
"Hydroprogne caspia","Hydroprogne caspia","Hydroprogne caspia","Animalia","Chordata","Aves","Charadriiformes","Laridae","gbif","GBIF:2481236",65.1,268.2,"AVONET","mm"
"Larus argentatus","Larus argentatus","Larus argentatus","Animalia","Chordata","Aves","Charadriiformes","Laridae","gbif","GBIF:2481139",53.4,230.3,"AVONET","mm"
"Larus californicus","Larus californicus","Larus californicus","Animalia","Chordata","Aves","Charadriiformes","Laridae","gbif","GBIF:2481146",58.4,220.2,"AVONET","mm"
"Larus canus","Larus canus","Larus canus","Animalia","Chordata","Aves","Charadriiformes","Laridae","gbif","GBIF:7982160",58.6,206.2,"AVONET","mm"
"Larus delawarensis","Larus delawarensis","Larus delawarensis","Animalia","Chordata","Aves","Charadriiformes","Laridae","gbif","GBIF:2481134",56.2,205.5,"AVONET","mm"
"Larus fuscus","Larus fuscus","Larus fuscus","Animalia","Chordata","Aves","Charadriiformes","Laridae","gbif","GBIF:2481174",57.4,235.5,"AVONET","mm"
"Larus glaucescens","Larus glaucescens","Larus glaucescens","Animalia","Chordata","Aves","Charadriiformes","Laridae","gbif","GBIF:2481196",53,218.2,"AVONET","mm"
"Larus marinus","Larus marinus","Larus marinus","Animalia","Chordata","Aves","Charadriiformes","Laridae","gbif","GBIF:2481172",52.3,248.1,"AVONET","mm"
"Larus ridibundus","Larus ridibundus","Chroicocephalus ridibundus","Animalia","Chordata","Aves","Charadriiformes","Laridae","gbif","GBIF:6065824",58.6,169.9,"AVONET","mm"
"Rissa tridactyla","Rissa tridactyla","Rissa tridactyla","Animalia","Chordata","Aves","Charadriiformes","Laridae","gbif","GBIF:2481205",59.4,179.1,"AVONET","mm"
"Sterna dougallii","Sterna dougallii","Sterna dougallii","Animalia","Chordata","Aves","Charadriiformes","Laridae","gbif","GBIF:5229249",69.1,156,"AVONET","mm"
"Sterna forsteri","Sterna forsteri","Sterna forsteri","Animalia","Chordata","Aves","Charadriiformes","Laridae","gbif","GBIF:5229247",68.7,173.5,"AVONET","mm"
"Sterna hirundo","Sterna hirundo","Sterna hirundo","Animalia","Chordata","Aves","Charadriiformes","Laridae","gbif","GBIF:9367409",67.3,170.6,"AVONET","mm"
"Sterna paradisaea","Sterna paradisaea","Sterna paradisaea","Animalia","Chordata","Aves","Charadriiformes","Laridae","gbif","GBIF:5229230",69.1,181.1,"AVONET","mm"
"Sternula antillarum","Sternula antillarum","Sternula antillarum","Animalia","Chordata","Aves","Charadriiformes","Laridae","gbif","GBIF:5789285",69.1,114.2,"AVONET","mm"
"Thalasseus maximus","Thalasseus maximus","Thalasseus maximus","Animalia","Chordata","Aves","Charadriiformes","Laridae","gbif","GBIF:5789281",61.4,224.1,"AVONET","mm"
"Thalasseus sandvicensis","Thalasseus sandvicensis","Thalasseus sandvicensis","Animalia","Chordata","Aves","Charadriiformes","Laridae","gbif","GBIF:2481240",69.3,201,"AVONET","mm"
"Recurvirostra americana","Recurvirostra americana","Recurvirostra americana","Animalia","Chordata","Aves","Charadriiformes","Recurvirostridae","gbif","GBIF:2480258",47.8,104.4,"AVONET","mm"
"Actitis macularius","Actitis macularius","Actitis macularius","Animalia","Chordata","Aves","Charadriiformes","Scolopacidae","gbif","GBIF:2481798",47.5,47.6,"AVONET","mm"
"Numenius phaeopus","Numenius phaeopus","Numenius phaeopus","Animalia","Chordata","Aves","Charadriiformes","Scolopacidae","gbif","GBIF:2481784",53.5,123.4,"AVONET","mm"
"Scolopax minor","Scolopax minor","Scolopax minor","Animalia","Chordata","Aves","Charadriiformes","Scolopacidae","gbif","GBIF:2481695",30.6,40,"AVONET","mm"
"Mycteria americana","Mycteria americana","Mycteria americana","Animalia","Chordata","Aves","Ciconiiformes","Ciconiidae","gbif","GBIF:2481937",37,165.1,"AVONET","mm"
"Columba oenas","Columba oenas","Columba oenas","Animalia","Chordata","Aves","Columbiformes","Columbidae","gbif","GBIF:2495471",42.5,91.6,"AVONET","mm"
"Columba palumbus","Columba palumbus","Columba palumbus","Animalia","Chordata","Aves","Columbiformes","Columbidae","gbif","GBIF:2495455",41.2,101.4,"AVONET","mm"
"Streptopelia decaocto","Streptopelia decaocto","Streptopelia decaocto","Animalia","Chordata","Aves","Columbiformes","Columbidae","gbif","GBIF:2495696",35.4,60.9,"AVONET","mm"
"Streptopelia turtur","Streptopelia turtur","Streptopelia turtur","Animalia","Chordata","Aves","Columbiformes","Columbidae","gbif","GBIF:2495708",43.5,75.1,"AVONET","mm"
"Zenaida macroura","Zenaida macroura","Zenaida macroura","Animalia","Chordata","Aves","Columbiformes","Columbidae","gbif","GBIF:2495347",36.6,53.1,"AVONET","mm"
"Alcedo atthis","Alcedo atthis","Alcedo atthis","Animalia","Chordata","Aves","Coraciiformes","Alcedinidae","gbif","GBIF:2475532",26.9,19.3,"AVONET","mm"
"Falco columbarius","Falco columbarius","Falco columbarius","Animalia","Chordata","Aves","Falconiformes","Falconidae","gbif","GBIF:9813242",48.9,98.8,"AVONET","mm"
"Falco mexicanus","Falco mexicanus","Falco mexicanus","Animalia","Chordata","Aves","Falconiformes","Falconidae","gbif","GBIF:2481000",50.5,166,"AVONET","mm"
"Falco peregrinus","Falco peregrinus","Falco peregrinus","Animalia","Chordata","Aves","Falconiformes","Falconidae","gbif","GBIF:2481047",52.2,165,"AVONET","mm"
"Falco sparverius","Falco sparverius","Falco sparverius","Animalia","Chordata","Aves","Falconiformes","Falconidae","gbif","GBIF:9685907",43.7,77.9,"AVONET","mm"
"Falco tinnunculus","Falco tinnunculus","Falco tinnunculus","Animalia","Chordata","Aves","Falconiformes","Falconidae","gbif","GBIF:9616058",51,123.2,"AVONET","mm"
"Bonasa bonasia","Bonasa bonasia","Tetrastes bonasia","Animalia","Chordata","Aves","Galliformes","Phasianidae","gbif","GBIF:2473663",33,55.8,"AVONET","mm"
"Lagopus lagopus","Lagopus lagopus","Lagopus lagopus","Animalia","Chordata","Aves","Galliformes","Phasianidae","gbif","GBIF:2473421",39,75.7,"AVONET","mm"
"Meleagris gallopavo","Meleagris gallopavo","Meleagris gallopavo","Animalia","Chordata","Aves","Galliformes","Phasianidae","gbif","GBIF:9606290",26,115,"AVONET","mm"
"Tympanuchus cupido","Tympanuchus cupido","Tympanuchus cupido","Animalia","Chordata","Aves","Galliformes","Phasianidae","gbif","GBIF:2473510",42.7,86.4,"AVONET","mm"
"Gavia immer","Gavia immer","Gavia immer","Animalia","Chordata","Aves","Gaviiformes","Gaviidae","gbif","GBIF:2481962",49.3,178,"AVONET","mm"
"Antigone canadensis","Antigone canadensis","Grus canadensis","Animalia","Chordata","Aves","Gruiformes","Gruidae","gbif","GBIF:2474953",43.8,210,"AVONET","mm"
"Fulica atra","Fulica atra","Fulica atra","Animalia","Chordata","Aves","Gruiformes","Rallidae","gbif","GBIF:2474377",39.6,78.6,"AVONET","mm"
"Gallinula chloropus","Gallinula chloropus","Gallinula chloropus","Animalia","Chordata","Aves","Gruiformes","Rallidae","gbif","GBIF:5228199",32.2,53,"AVONET","mm"
"Gallinula galeata","Gallinula galeata","Gallinula chloropus","Animalia","Chordata","Aves","Gruiformes","Rallidae","gbif","GBIF:5228199",32.4,57.9,"AVONET","mm"
"Acrocephalus schoenobaenus","Acrocephalus schoenobaenus","Acrocephalus schoenobaenus","Animalia","Chordata","Aves","Passeriformes","Acrocephalidae","gbif","GBIF:2493129",28.2,18.4,"AVONET","mm"
"Acrocephalus scirpaceus","Acrocephalus scirpaceus","Acrocephalus scirpaceus","Animalia","Chordata","Aves","Passeriformes","Acrocephalidae","gbif","GBIF:2493118",24.3,16,"AVONET","mm"
"Aegithalos caudatus","Aegithalos caudatus","Aegithalos caudatus","Animalia","Chordata","Aves","Passeriformes","Aegithalidae","gbif","GBIF:2495000",22,14,"AVONET","mm"
"Alauda arvensis","Alauda arvensis","Alauda arvensis","Animalia","Chordata","Aves","Passeriformes","Alaudidae","gbif","GBIF:8077224",33.6,36,"AVONET","mm"
"Passerina cyanea","Passerina cyanea","Passerina cyanea","Animalia","Chordata","Aves","Passeriformes","Cardinalidae","gbif","GBIF:2490327",22.5,14.7,"AVONET","mm"
"Cinclus cinclus","Cinclus cinclus","Cinclus cinclus","Animalia","Chordata","Aves","Passeriformes","Cinclidae","gbif","GBIF:2495093",27.6,24.5,"AVONET","mm"
"Corvus brachyrhynchos","Corvus brachyrhynchos","Corvus brachyrhynchos","Animalia","Chordata","Aves","Passeriformes","Corvidae","gbif","GBIF:2482507",35.3,109.1,"AVONET","mm"
"Corvus corax","Corvus corax","Corvus corax","Animalia","Chordata","Aves","Passeriformes","Corvidae","gbif","GBIF:2482492",39.8,167.2,"AVONET","mm"
"Corvus frugilegus","Corvus frugilegus","Corvus frugilegus","Animalia","Chordata","Aves","Passeriformes","Corvidae","gbif","GBIF:2482513",41,127.8,"AVONET","mm"
"Garrulus glandarius","Garrulus glandarius","Garrulus glandarius","Animalia","Chordata","Aves","Passeriformes","Corvidae","gbif","GBIF:5229493",19.4,35.4,"AVONET","mm"
"Gymnorhinus cyanocephalus","Gymnorhinus cyanocephalus","Gymnorhinus cyanocephalus","Animalia","Chordata","Aves","Passeriformes","Corvidae","gbif","GBIF:5229498",26.6,39.2,"AVONET","mm"
"Perisoreus canadensis","Perisoreus canadensis","Perisoreus canadensis","Animalia","Chordata","Aves","Passeriformes","Corvidae","gbif","GBIF:2482436",18.1,27.2,"AVONET","mm"
"Pica pica","Pica pica","Pica pica","Animalia","Chordata","Aves","Passeriformes","Corvidae","gbif","GBIF:5229490",22.9,44.6,"AVONET","mm"
"Emberiza citrinella","Emberiza citrinella","Emberiza citrinella","Animalia","Chordata","Aves","Passeriformes","Emberizidae","gbif","GBIF:2491534",25.7,22.6,"AVONET","mm"
"Emberiza schoeniclus","Emberiza schoeniclus","Emberiza schoeniclus","Animalia","Chordata","Aves","Passeriformes","Emberizidae","gbif","GBIF:2491557",21.1,16.4,"AVONET","mm"
"Acanthis flammea","Acanthis flammea","Acanthis flammea","Animalia","Chordata","Aves","Passeriformes","Fringillidae","gbif","GBIF:5231630",33.1,25,"AVONET","mm"
"Carduelis carduelis","Carduelis carduelis","Carduelis carduelis","Animalia","Chordata","Aves","Passeriformes","Fringillidae","gbif","GBIF:2494686",33.4,25.8,"AVONET","mm"
"Chloris chloris","Chloris chloris","Chloris chloris","Plantae","Tracheophyta","Liliopsida","Poales","Poaceae","gbif","GBIF:11212714",32.5,27.8,"AVONET","mm"
"Fringilla coelebs","Fringilla coelebs","Fringilla coelebs","Animalia","Chordata","Aves","Passeriformes","Fringillidae","gbif","GBIF:2494422",27.6,23.7,"AVONET","mm"
"Linaria cannabina","Linaria cannabina","Linaria cannabina","Animalia","Chordata","Aves","Passeriformes","Fringillidae","gbif","GBIF:8104397",34.4,26.9,"AVONET","mm"
"Pyrrhula pyrrhula","Pyrrhula pyrrhula","Pyrrhula pyrrhula","Animalia","Chordata","Aves","Passeriformes","Fringillidae","gbif","GBIF:2494543",24.9,22.1,"AVONET","mm"
"Delichon lagopodum","Delichon lagopodum","Delichon urbicum","Animalia","Chordata","Aves","Passeriformes","Hirundinidae","gbif","GBIF:2489214",54.3,58.9,"AVONET","mm"
"Delichon urbicum","Delichon urbicum","Delichon urbicum","Animalia","Chordata","Aves","Passeriformes","Hirundinidae","gbif","GBIF:2489214",54.3,58.9,"AVONET","mm"
"Hirundo rustica","Hirundo rustica","Hirundo rustica","Animalia","Chordata","Aves","Passeriformes","Hirundinidae","gbif","GBIF:9515886",52.6,62.3,"AVONET","mm"
"Petrochelidon fulva","Petrochelidon fulva","Petrochelidon fulva","Animalia","Chordata","Aves","Passeriformes","Hirundinidae","gbif","GBIF:2489166",52.6,54.1,"AVONET","mm"
"Progne subis","Progne subis","Progne subis","Animalia","Chordata","Aves","Passeriformes","Hirundinidae","gbif","GBIF:2489129",52,76.6,"AVONET","mm"
"Riparia riparia","Riparia riparia","Riparia riparia","Animalia","Chordata","Aves","Passeriformes","Hirundinidae","gbif","GBIF:2489160",53,54,"AVONET","mm"
"Tachycineta bicolor","Tachycineta bicolor","Tachycineta bicolor","Animalia","Chordata","Aves","Passeriformes","Hirundinidae","gbif","GBIF:2489181",53,61.3,"AVONET","mm"
"Molothrus ater","Molothrus ater","Molothrus ater","Animalia","Chordata","Aves","Passeriformes","Icteridae","gbif","GBIF:2484391",33,33.9,"AVONET","mm"
"Quiscalus major","Quiscalus major","Quiscalus major","Animalia","Chordata","Aves","Passeriformes","Icteridae","gbif","GBIF:2484133",29.7,47.6,"AVONET","mm"
"Lanius ludovicianus","Lanius ludovicianus","Lanius ludovicianus","Animalia","Chordata","Aves","Passeriformes","Laniidae","gbif","GBIF:2492870",22.6,21.7,"AVONET","mm"
"Malurus splendens","Malurus splendens","Malurus splendens","Animalia","Chordata","Aves","Passeriformes","Maluridae","gbif","GBIF:2487511",12.3,6.2,"AVONET","mm"
"Toxostoma curvirostre","Toxostoma curvirostre","Toxostoma curvirostre","Animalia","Chordata","Aves","Passeriformes","Mimidae","gbif","GBIF:5231688",17.7,19.8,"AVONET","mm"
"Motacilla alba","Motacilla alba","Motacilla alba","Animalia","Chordata","Aves","Passeriformes","Motacillidae","gbif","GBIF:9687165",31.4,27.4,"AVONET","mm"
"Motacilla cinerea","Motacilla cinerea","Motacilla cinerea","Animalia","Chordata","Aves","Passeriformes","Motacillidae","gbif","GBIF:2490310",34.6,28.6,"AVONET","mm"
"Motacilla flava","Motacilla flava","Motacilla flava","Animalia","Chordata","Aves","Passeriformes","Motacillidae","gbif","GBIF:9701857",31.1,24.7,"AVONET","mm"
"Erithacus rubecula","Erithacus rubecula","Erithacus rubecula","Animalia","Chordata","Aves","Passeriformes","Muscicapidae","gbif","GBIF:2492462",19.9,14.2,"AVONET","mm"
"Ficedula hypoleuca","Ficedula hypoleuca","Ficedula hypoleuca","Animalia","Chordata","Aves","Passeriformes","Muscicapidae","gbif","GBIF:2492606",30.4,24.2,"AVONET","mm"
"Muscicapa striata","Muscicapa striata","Muscicapa striata","Animalia","Chordata","Aves","Passeriformes","Muscicapidae","gbif","GBIF:2492576",30.2,26.1,"AVONET","mm"
"Oenanthe oenanthe","Oenanthe oenanthe","Oenanthe oenanthe","Animalia","Chordata","Aves","Passeriformes","Muscicapidae","gbif","GBIF:5231240",32.1,30.5,"AVONET","mm"
"Oenanthe seebohmi","Oenanthe seebohmi","Oenanthe oenanthe","Animalia","Chordata","Aves","Passeriformes","Muscicapidae","gbif","GBIF:5231240",32.1,30.5,"AVONET","mm"
"Phoenicurus phoenicurus","Phoenicurus phoenicurus","Phoenicurus phoenicurus","Animalia","Chordata","Aves","Passeriformes","Muscicapidae","gbif","GBIF:5739317",25.8,20.2,"AVONET","mm"
"Cyanistes caeruleus","Cyanistes caeruleus","Cyanistes caeruleus","Animalia","Chordata","Aves","Passeriformes","Paridae","gbif","GBIF:2487879",21,13.8,"AVONET","mm"
"Parus major","Parus major","Parus major","Animalia","Chordata","Aves","Passeriformes","Paridae","gbif","GBIF:9705453",18.7,13.3,"AVONET","mm"
"Periparus ater","Periparus ater","Periparus ater","Animalia","Chordata","Aves","Passeriformes","Paridae","gbif","GBIF:2487871",21.9,13.4,"AVONET","mm"
"Poecile montanus","Poecile montanus","Poecile montanus","Animalia","Chordata","Aves","Passeriformes","Paridae","gbif","GBIF:2487866",17.7,11.6,"AVONET","mm"
"Poecile palustris","Poecile palustris","Poecile palustris","Animalia","Chordata","Aves","Passeriformes","Paridae","gbif","GBIF:2487843",17.9,11.4,"AVONET","mm"
"Parkesia motacilla","Parkesia motacilla","Parkesia motacilla","Animalia","Chordata","Aves","Passeriformes","Parulidae","gbif","GBIF:6093862",29.7,23.6,"AVONET","mm"
"Melospiza melodia","Melospiza melodia","Melospiza melodia","Animalia","Chordata","Aves","Passeriformes","Passerellidae","gbif","GBIF:2492196",20.1,13.2,"AVONET","mm"
"Passerculus guttatus","Passerculus guttatus","Passerculus sandwichensis","Animalia","Chordata","Aves","Passeriformes","Passerellidae","gbif","GBIF:5231142",24.1,17.6,"AVONET","mm"
"Passerculus rostratus","Passerculus rostratus","Passerculus sandwichensis","Animalia","Chordata","Aves","Passeriformes","Passerellidae","gbif","GBIF:5231142",24.1,17.6,"AVONET","mm"
"Passerculus sanctorum","Passerculus sanctorum","Passerculus sandwichensis","Animalia","Chordata","Aves","Passeriformes","Passerellidae","gbif","GBIF:5231142",24.1,17.6,"AVONET","mm"
"Passerculus sandwichensis","Passerculus sandwichensis","Passerculus sandwichensis","Animalia","Chordata","Aves","Passeriformes","Passerellidae","gbif","GBIF:5231142",24.1,17.6,"AVONET","mm"
"Zonotrichia leucophrys","Zonotrichia leucophrys","Zonotrichia leucophrys","Animalia","Chordata","Aves","Passeriformes","Passerellidae","gbif","GBIF:5231132",23.4,18.5,"AVONET","mm"
"Passer domesticus","Passer domesticus","Passer domesticus","Animalia","Chordata","Aves","Passeriformes","Passeridae","gbif","GBIF:5231190",27.3,20.4,"AVONET","mm"
"Passer montanus","Passer montanus","Passer montanus","Animalia","Chordata","Aves","Passeriformes","Passeridae","gbif","GBIF:5231198",24.6,16.7,"AVONET","mm"
"Phylloscopus trochilus","Phylloscopus trochilus","Phylloscopus trochilus","Animalia","Chordata","Aves","Passeriformes","Phylloscopidae","gbif","GBIF:2493052",25.9,17.1,"AVONET","mm"
"Prunella modularis","Prunella modularis","Prunella modularis","Animalia","Chordata","Aves","Passeriformes","Prunellidae","gbif","GBIF:5231763",21.2,14.7,"AVONET","mm"
"Sitta europaea","Sitta europaea","Sitta europaea","Animalia","Chordata","Aves","Passeriformes","Sittidae","gbif","GBIF:2484916",23.8,20.3,"AVONET","mm"
"Sitta pusilla","Sitta pusilla","Sitta pusilla","Animalia","Chordata","Aves","Passeriformes","Sittidae","gbif","GBIF:2484904",23.3,15.1,"AVONET","mm"
"Sturnus vulgaris","Sturnus vulgaris","Sturnus vulgaris","Animalia","Chordata","Aves","Passeriformes","Sturnidae","gbif","GBIF:9809229",38.4,49.2,"AVONET","mm"
"Sylvia atricapilla","Sylvia atricapilla","Sylvia atricapilla","Animalia","Chordata","Aves","Passeriformes","Sylviidae","gbif","GBIF:2492956",27,20.5,"AVONET","mm"
"Sylvia communis","Sylvia communis","Sylvia communis","Animalia","Chordata","Aves","Passeriformes","Sylviidae","gbif","GBIF:2492943",24.2,17.6,"AVONET","mm"
"Campylorhynchus brunneicapillus","Campylorhynchus brunneicapillus","Campylorhynchus brunneicapillus","Animalia","Chordata","Aves","Passeriformes","Troglodytidae","gbif","GBIF:5231474",13.7,11.3,"AVONET","mm"
"Troglodytes aedon","Troglodytes aedon","Troglodytes aedon","Animalia","Chordata","Aves","Passeriformes","Troglodytidae","gbif","GBIF:5231459",12.9,6.7,"AVONET","mm"
"Troglodytes troglodytes","Troglodytes troglodytes","Troglodytes troglodytes","Animalia","Chordata","Aves","Passeriformes","Troglodytidae","gbif","GBIF:5231438",15.7,7.6,"AVONET","mm"
"Hylocichla mustelina","Hylocichla mustelina","Hylocichla mustelina","Animalia","Chordata","Aves","Passeriformes","Turdidae","gbif","GBIF:2490872",26.9,29,"AVONET","mm"
"Sialia currucoides","Sialia currucoides","Sialia currucoides","Animalia","Chordata","Aves","Passeriformes","Turdidae","gbif","GBIF:2490935",36.6,41,"AVONET","mm"
"Sialia mexicana","Sialia mexicana","Sialia mexicana","Animalia","Chordata","Aves","Passeriformes","Turdidae","gbif","GBIF:2490936",37.2,39.2,"AVONET","mm"
"Sialia sialis","Sialia sialis","Sialia sialis","Animalia","Chordata","Aves","Passeriformes","Turdidae","gbif","GBIF:2490941",32.8,31.4,"AVONET","mm"
"Turdus merula","Turdus merula","Turdus merula","Animalia","Chordata","Aves","Passeriformes","Turdidae","gbif","GBIF:2490719",23.1,29.8,"AVONET","mm"
"Turdus philomelos","Turdus philomelos","Turdus philomelos","Animalia","Chordata","Aves","Passeriformes","Turdidae","gbif","GBIF:7901064",30.7,35.7,"AVONET","mm"
"Turdus viscivorus","Turdus viscivorus","Turdus viscivorus","Animalia","Chordata","Aves","Passeriformes","Turdidae","gbif","GBIF:2490774",35.1,53.9,"AVONET","mm"
"Myiarchus cinerascens","Myiarchus cinerascens","Myiarchus cinerascens","Animalia","Chordata","Aves","Passeriformes","Tyrannidae","gbif","GBIF:2483600",20.4,19.8,"AVONET","mm"
"Sayornis nigricans","Sayornis nigricans","Sayornis nigricans","Animalia","Chordata","Aves","Passeriformes","Tyrannidae","gbif","GBIF:2483612",22,19.4,"AVONET","mm"
"Vireo atricapilla","Vireo atricapilla","Vireo atricapilla","Animalia","Chordata","Aves","Passeriformes","Vireonidae","gbif","GBIF:2487438",14.9,8.2,"AVONET","mm"
"Vireo griseus","Vireo griseus","Vireo griseus","Animalia","Chordata","Aves","Passeriformes","Vireonidae","gbif","GBIF:2487413",17.9,11.1,"AVONET","mm"
"Ardea alba","Ardea alba","Ardea alba","Animalia","Chordata","Aves","Pelecaniformes","Ardeidae","gbif","GBIF:9752617",32.1,120.7,"AVONET","mm"
"Ardea cinerea","Ardea cinerea","Ardea cinerea","Animalia","Chordata","Aves","Pelecaniformes","Ardeidae","gbif","GBIF:9797180",34.6,152.7,"AVONET","mm"
"Egretta thula","Egretta thula","Egretta thula","Animalia","Chordata","Aves","Pelecaniformes","Ardeidae","gbif","GBIF:2480873",31.9,79.8,"AVONET","mm"
"Nycticorax nycticorax","Nycticorax nycticorax","Nycticorax nycticorax","Animalia","Chordata","Aves","Pelecaniformes","Ardeidae","gbif","GBIF:2480863",33.1,92.7,"AVONET","mm"
"Pelecanus erythrorhynchos","Pelecanus erythrorhynchos","Pelecanus erythrorhynchos","Animalia","Chordata","Aves","Pelecaniformes","Pelecanidae","gbif","GBIF:5229155",44.9,251,"AVONET","mm"
"Eudocimus albus","Eudocimus albus","Eudocimus albus","Animalia","Chordata","Aves","Pelecaniformes","Threskiornithidae","gbif","GBIF:5229205",35.2,97.2,"AVONET","mm"
"Plegadis chihi","Plegadis chihi","Plegadis chihi","Animalia","Chordata","Aves","Pelecaniformes","Threskiornithidae","gbif","GBIF:9375033",38.6,93.8,"AVONET","mm"
"Plegadis falcinellus","Plegadis falcinellus","Plegadis falcinellus","Animalia","Chordata","Aves","Pelecaniformes","Threskiornithidae","gbif","GBIF:2480773",38.9,104.7,"AVONET","mm"
"Dendrocopos major","Dendrocopos major","Dendrocopos major","Animalia","Chordata","Aves","Piciformes","Picidae","gbif","GBIF:2477968",29.3,40.8,"AVONET","mm"
"Hylatomus pileatus","Hylatomus pileatus","Dryocopus pileatus","Animalia","Chordata","Aves","Piciformes","Picidae","gbif","GBIF:5228824",25.3,56.4,"AVONET","mm"
"Picus viridis","Picus viridis","Picus viridis","Animalia","Chordata","Aves","Piciformes","Picidae","gbif","GBIF:2478523",24.7,41,"AVONET","mm"
"Phoebastria nigripes","Phoebastria nigripes","Phoebastria nigripes","Animalia","Chordata","Aves","Procellariiformes","Diomedeidae","gbif","GBIF:2481383",64.7,313.2,"AVONET","mm"
"Aegolius funereus","Aegolius funereus","Aegolius funereus","Animalia","Chordata","Aves","Strigiformes","Strigidae","gbif","GBIF:5739298",31.5,53.2,"AVONET","mm"
"Asio otus","Asio otus","Asio otus","Animalia","Chordata","Aves","Strigiformes","Strigidae","gbif","GBIF:2497306",41.2,115.5,"AVONET","mm"
"Athene cunicularia","Athene cunicularia","Athene cunicularia","Animalia","Chordata","Aves","Strigiformes","Strigidae","gbif","GBIF:2497240",28.3,51,"AVONET","mm"
"Bubo scandiacus","Bubo scandiacus","Bubo scandiacus","Animalia","Chordata","Aves","Strigiformes","Strigidae","gbif","GBIF:5959143",41.1,172,"AVONET","mm"
"Bubo virginianus","Bubo virginianus","Bubo virginianus","Animalia","Chordata","Aves","Strigiformes","Strigidae","gbif","GBIF:5959118",30.4,112.7,"AVONET","mm"
"Megascops asio","Megascops asio","Megascops asio","Animalia","Chordata","Aves","Strigiformes","Strigidae","gbif","GBIF:2497415",28.8,48.4,"AVONET","mm"
"Strix aluco","Strix aluco","Strix aluco","Animalia","Chordata","Aves","Strigiformes","Strigidae","gbif","GBIF:9282206",29.3,77.7,"AVONET","mm"
"Strix nebulosa","Strix nebulosa","Strix nebulosa","Animalia","Chordata","Aves","Strigiformes","Strigidae","gbif","GBIF:2497522",31.9,139,"AVONET","mm"
"Strix varia","Strix varia","Strix varia","Animalia","Chordata","Aves","Strigiformes","Strigidae","gbif","GBIF:2497541",29.6,101,"AVONET","mm"
"Tyto alba","Tyto alba","Tyto alba","Animalia","Chordata","Aves","Strigiformes","Tytonidae","gbif","GBIF:2497921",39.7,111.5,"AVONET","mm"
"Morus bassanus","Morus bassanus","Morus bassanus","Animalia","Chordata","Aves","Suliformes","Sulidae","gbif","GBIF:2480964",62.1,300.5,"AVONET","mm"
